trip_id,driver_id,passenger_id,start_hour,day_name,origin,destination,distance_km,duration_minutes,driver_rating,traffic_condition,fare
T000001,D029,P0026,11,جمعه,فرمانیه,تجریش,9.94,32.2,4.0,کم,48881
T000002,D058,P0143,7,جمعه,تجریش,میدان انقلاب,10.3,16.2,4.0,کم,56231
T000003,D140,P0090,10,سه‌شنبه,میدان آزادی,ونک,2.83,15.5,4.5,کم,22351
T000004,D008,P0096,11,پنج‌شنبه,جردن,تجریش,3.76,20.5,4.5,کم,25432
T000005,D130,P0617,12,یکشنبه,ونک,قیطریه,6.2,17.7,4.5,متوسط,39333
T000006,D051,P0734,7,جمعه,میدان آزادی,تجریش,4.83,26.6,4.2,متوسط,48153
T000007,D115,P0604,12,یکشنبه,فرمانیه,میدان آزادی,10.22,21.4,4.0,کم,43776
T000008,D002,P0778,11,یکشنبه,شهرک غرب,بازار,7.1,16.3,4.2,متوسط,43149
T000009,D109,P0349,9,پنج‌شنبه,فرمانیه,نیاوران,5.97,24.9,3.5,زیاد,53133
T000010,D056,P0782,14,شنبه,میدان ولی‌عصر,ولنجک,10.79,13.3,4.8,متوسط,51100
T000011,D024,P0390,10,شنبه,تجریش,جردن,4.68,10.4,4.5,متوسط,32089
T000012,D089,P0619,9,چهارشنبه,فرمانیه,میدان آزادی,11.01,22.9,4.8,متوسط,57979
T000013,D012,P0748,12,دوشنبه,شهر ری,فرمانیه,8.26,17.6,4.2,متوسط,45192
T000014,D032,P0388,11,چهارشنبه,نیاوران,قیطریه,9.07,13.5,4.8,زیاد,57354
T000015,D076,P0644,13,پنج‌شنبه,میدان انقلاب,قیطریه,6.41,24.1,4.8,متوسط,41257
T000016,D050,P0722,10,دوشنبه,نیاوران,ونک,7.02,22.4,3.5,متوسط,43895
T000017,D059,P0792,11,یکشنبه,قیطریه,ولنجک,6.97,13.6,4.8,متوسط,43034
T000018,D060,P0104,11,جمعه,بازار,سعادت‌آباد,8.52,5.0,4.2,کم,34769
T000019,D117,P0651,12,سه‌شنبه,میدان انقلاب,نیاوران,7.42,22.4,4.0,متوسط,46451
T000020,D095,P0364,10,چهارشنبه,جردن,میدان انقلاب,10.26,31.2,4.5,متوسط,54304
T000021,D069,P0719,8,پنج‌شنبه,نیاوران,میدان ولی‌عصر,5.03,15.5,3.5,متوسط,43244
T000022,D044,P0547,13,یکشنبه,الهیه,نیاوران,8.21,12.6,4.8,کم,38632
T000023,D119,P0389,11,شنبه,فرمانیه,کن,10.44,10.2,4.8,متوسط,46965
T000024,D143,P0225,8,جمعه,میدان ولی‌عصر,شهر ری,8.55,22.1,4.2,متوسط,63585
T000025,D015,P0235,14,جمعه,ولنجک,میدان آزادی,8.75,22.8,4.5,کم,41149
T000026,D081,P0411,6,یکشنبه,فرمانیه,ولنجک,5.86,34.9,4.5,کم,37830
T000027,D055,P0581,13,یکشنبه,میدان ولی‌عصر,تجریش,11.48,13.4,4.5,زیاد,68312
T000028,D128,P0406,8,دوشنبه,شهر ری,نیاوران,13.69,12.9,5.0,متوسط,76918
T000029,D068,P0143,17,چهارشنبه,الهیه,بازار,8.04,31.6,4.5,متوسط,65812
T000030,D144,P0552,10,شنبه,فرمانیه,بازار,5.43,11.4,4.8,زیاد,44225
T000031,D150,P0439,18,دوشنبه,بازار,شهرک غرب,9.42,19.4,5.0,زیاد,79410
T000032,D057,P0142,16,یکشنبه,کن,ولنجک,3.46,21.7,4.8,متوسط,30714
T000033,D013,P0113,12,شنبه,سعادت‌آباد,میدان انقلاب,8.17,10.9,4.8,متوسط,44456
T000034,D041,P0697,11,یکشنبه,میدان آزادی,قیطریه,11.16,24.1,4.8,زیاد,71480
T000035,D017,P0395,12,سه‌شنبه,بازار,قیطریه,9.71,29.1,4.5,متوسط,53535
T000036,D120,P0542,11,شنبه,فرمانیه,قیطریه,10.28,16.1,4.5,متوسط,51155
T000037,D003,P0697,10,سه‌شنبه,تجریش,میدان انقلاب,6.58,28.7,4.0,متوسط,43415
T000038,D138,P0769,13,شنبه,فرمانیه,میدان آزادی,10.04,20.4,4.5,متوسط,50870
T000039,D088,P0115,14,جمعه,قیطریه,جردن,1.92,21.5,4.8,کم,22070
T000040,D041,P0465,7,جمعه,ونک,بازار,7.66,24.0,4.2,کم,51155
T000041,D068,P0513,9,یکشنبه,شهرک غرب,قیطریه,13.3,23.2,4.5,کم,55396
T000042,D028,P0641,11,یکشنبه,قیطریه,شهر ری,11.1,30.1,3.5,کم,47722
T000043,D130,P0624,8,شنبه,جردن,نیاوران,9.33,26.2,4.5,کم,51282
T000044,D096,P0781,9,دوشنبه,شهرک غرب,قیطریه,4.93,33.1,4.5,کم,32089
T000045,D136,P0001,11,چهارشنبه,میدان ولی‌عصر,الهیه,11.49,20.1,4.5,کم,47046
T000046,D005,P0115,7,سه‌شنبه,میدان انقلاب,کن,6.2,20.9,4.2,متوسط,53675
T000047,D079,P0246,11,سه‌شنبه,ولنجک,سعادت‌آباد,7.54,24.7,5.0,زیاد,57831
T000048,D146,P0081,8,یکشنبه,نیاوران,بازار,6.13,15.3,4.0,متوسط,51062
T000049,D125,P0071,13,پنج‌شنبه,سعادت‌آباد,نیاوران,10.44,25.0,4.2,کم,46728
T000050,D122,P0563,23,دوشنبه,شهرک غرب,سعادت‌آباد,9.83,30.2,4.2,زیاد,67578
T000051,D136,P0622,16,دوشنبه,میدان آزادی,تجریش,10.48,26.5,4.0,زیاد,71172
T000052,D139,P0774,10,جمعه,جردن,بازار,8.06,22.6,5.0,متوسط,46527
T000053,D080,P0409,13,دوشنبه,میدان انقلاب,الهیه,4.98,10.3,4.5,متوسط,33985
T000054,D133,P0463,8,سه‌شنبه,تجریش,سعادت‌آباد,9.89,20.6,4.2,زیاد,82628
T000055,D058,P0066,11,شنبه,میدان ولی‌عصر,ونک,9.24,15.5,4.5,کم,40111
T000056,D142,P0236,8,پنج‌شنبه,الهیه,ونک,6.48,16.2,4.0,زیاد,64829
T000057,D019,P0725,11,دوشنبه,ولنجک,سعادت‌آباد,5.84,18.3,4.8,متوسط,39805
T000058,D018,P0033,9,سه‌شنبه,میدان ولی‌عصر,ولنجک,7.52,19.9,4.0,کم,36323
T000059,D132,P0244,9,چهارشنبه,فرمانیه,میدان انقلاب,9.56,32.3,5.0,متوسط,55723
T000060,D125,P0220,10,جمعه,سعادت‌آباد,بازار,6.8,21.8,4.0,متوسط,42653
T000061,D147,P0591,22,سه‌شنبه,کن,تجریش,12.35,27.7,4.5,متوسط,62731
T000062,D122,P0417,8,یکشنبه,جردن,ولنجک,8.55,37.5,4.2,کم,56807
T000063,D025,P0675,11,دوشنبه,میدان آزادی,شهرک غرب,5.72,21.2,5.0,زیاد,49513
T000064,D109,P0421,10,پنج‌شنبه,شهر ری,میدان آزادی,13.63,12.8,4.8,زیاد,75610
T000065,D014,P0690,21,چهارشنبه,تجریش,ونک,4.04,34.7,4.8,زیاد,50509
T000066,D104,P0746,23,شنبه,میدان ولی‌عصر,میدان آزادی,6.59,6.3,5.0,زیاد,47585
T000067,D028,P0255,15,دوشنبه,جردن,تجریش,3.22,15.2,4.0,زیاد,36912
T000068,D138,P0460,14,جمعه,سعادت‌آباد,الهیه,8.14,16.4,4.5,کم,38206
T000069,D047,P0286,21,سه‌شنبه,شهر ری,تجریش,10.13,11.0,4.5,متوسط,49264
T000070,D020,P0454,12,پنج‌شنبه,تجریش,ونک,5.75,29.4,4.5,متوسط,42361
T000071,D139,P0016,17,دوشنبه,نیاوران,کن,9.94,30.9,4.5,کم,61550
T000072,D061,P0171,11,دوشنبه,میدان آزادی,الهیه,2.72,17.8,4.5,متوسط,30071
T000073,D124,P0219,11,چهارشنبه,بازار,کن,2.89,19.6,4.5,زیاد,34535
T000074,D016,P0169,13,یکشنبه,بازار,ونک,7.73,22.9,4.0,متوسط,44443
T000075,D100,P0272,17,سه‌شنبه,شهر ری,سعادت‌آباد,5.04,24.0,4.0,کم,40566
T000076,D109,P0714,9,شنبه,کن,نیاوران,5.62,19.1,4.2,متوسط,36603
T000077,D049,P0304,12,چهارشنبه,جردن,ونک,5.9,21.7,4.8,زیاد,49729
T000078,D149,P0754,15,چهارشنبه,ولنجک,بازار,7.34,15.8,4.2,متوسط,41219
T000079,D081,P0059,12,دوشنبه,ولنجک,میدان ولی‌عصر,12.93,18.0,3.5,کم,50604
T000080,D123,P0515,12,سه‌شنبه,شهرک غرب,ونک,8.93,19.0,4.5,کم,38594
T000081,D131,P0083,10,دوشنبه,شهرک غرب,ولنجک,6.06,11.3,4.0,زیاد,48363
T000082,D018,P0692,15,سه‌شنبه,الهیه,جردن,10.64,20.6,4.5,متوسط,52465
T000083,D031,P0584,11,شنبه,الهیه,میدان ولی‌عصر,5.37,8.9,4.5,متوسط,31639
T000084,D011,P0635,8,شنبه,نیاوران,الهیه,9.69,14.8,4.0,کم,52128
T000085,D150,P0579,9,جمعه,میدان ولی‌عصر,کن,8.15,13.4,4.2,زیاد,54196
T000086,D067,P0210,22,پنج‌شنبه,میدان ولی‌عصر,تجریش,5.28,15.4,4.0,متوسط,36903
T000087,D068,P0406,19,سه‌شنبه,سعادت‌آباد,میدان انقلاب,2.99,24.3,4.8,کم,33673
T000088,D077,P0469,12,یکشنبه,میدان ولی‌عصر,کن,2.59,22.1,4.2,متوسط,28747
T000089,D019,P0010,9,سه‌شنبه,شهر ری,قیطریه,6.04,20.4,4.2,کم,34734
T000090,D145,P0103,10,چهارشنبه,نیاوران,قیطریه,6.27,24.2,4.5,متوسط,44096
T000091,D055,P0519,11,جمعه,فرمانیه,نیاوران,9.11,15.2,4.8,کم,39463
T000092,D090,P0071,12,پنج‌شنبه,الهیه,شهرک غرب,7.53,22.7,4.2,کم,37024
T000093,D073,P0162,9,پنج‌شنبه,شهر ری,میدان آزادی,8.87,36.6,4.2,زیاد,69533
T000094,D140,P0721,11,دوشنبه,قیطریه,میدان ولی‌عصر,6.78,5.0,4.5,متوسط,36012
T000095,D136,P0009,10,جمعه,قیطریه,کن,10.49,5.0,4.8,متوسط,45446
T000096,D027,P0138,9,پنج‌شنبه,فرمانیه,ولنجک,11.43,25.1,4.8,متوسط,61122
T000097,D028,P0761,9,یکشنبه,سعادت‌آباد,شهرک غرب,10.49,13.2,3.5,متوسط,51325
T000098,D073,P0620,11,پنج‌شنبه,جردن,بازار,9.0,17.8,4.8,کم,38386
T000099,D088,P0209,10,چهارشنبه,فرمانیه,قیطریه,10.61,30.8,4.5,متوسط,56170
T000100,D126,P0258,9,جمعه,ولنجک,نیاوران,4.27,5.8,4.5,زیاد,38838
T000101,D109,P0284,9,سه‌شنبه,ولنجک,ونک,15.34,21.0,3.5,زیاد,85143
T000102,D086,P0790,13,جمعه,سعادت‌آباد,میدان انقلاب,10.18,13.7,4.5,متوسط,50562
T000103,D068,P0166,11,چهارشنبه,شهر ری,فرمانیه,5.03,19.0,5.0,زیاد,45497
T000104,D110,P0575,12,دوشنبه,ونک,نیاوران,11.28,18.7,4.8,کم,45186
T000105,D020,P0708,10,دوشنبه,سعادت‌آباد,قیطریه,10.47,20.6,4.2,متوسط,52716
T000106,D010,P0379,10,دوشنبه,سعادت‌آباد,الهیه,13.01,18.0,4.5,متوسط,59504
T000107,D033,P0043,18,دوشنبه,قیطریه,شهرک غرب,13.55,29.0,3.5,متوسط,84727
T000108,D011,P0367,8,جمعه,جردن,میدان انقلاب,4.68,40.6,4.0,متوسط,56057
T000109,D064,P0683,9,جمعه,تجریش,جردن,6.28,15.6,3.5,متوسط,37792
T000110,D144,P0417,14,دوشنبه,سعادت‌آباد,کن,8.32,5.0,4.2,متوسط,42795
T000111,D061,P0167,9,یکشنبه,شهرک غرب,کن,3.78,13.8,4.5,متوسط,32095
T000112,D106,P0026,7,یکشنبه,شهرک غرب,بازار,11.81,25.8,3.5,کم,62355
T000113,D086,P0422,15,یکشنبه,الهیه,سعادت‌آباد,4.33,25.7,4.0,کم,31611
T000114,D041,P0719,15,دوشنبه,تجریش,الهیه,9.33,11.4,4.2,زیاد,59030
T000115,D010,P0482,6,شنبه,الهیه,تجریش,8.98,10.0,4.2,زیاد,55380
T000116,D118,P0359,10,دوشنبه,قیطریه,شهر ری,11.15,7.5,4.5,متوسط,51467
T000117,D059,P0229,12,دوشنبه,ونک,میدان انقلاب,8.63,19.2,4.8,کم,39294
T000118,D050,P0409,17,پنج‌شنبه,میدان ولی‌عصر,سعادت‌آباد,11.31,17.1,4.2,متوسط,70741
T000119,D018,P0792,13,یکشنبه,فرمانیه,شهرک غرب,8.51,18.5,5.0,متوسط,45798
T000120,D131,P0410,7,جمعه,میدان ولی‌عصر,ونک,5.67,21.6,4.2,متوسط,49439
T000121,D030,P0268,13,پنج‌شنبه,شهرک غرب,میدان ولی‌عصر,8.77,27.9,4.5,متوسط,47973
T000122,D068,P0040,12,شنبه,تجریش,میدان ولی‌عصر,4.16,24.1,4.0,متوسط,34486
T000123,D112,P0354,10,دوشنبه,میدان ولی‌عصر,جردن,5.23,9.2,4.5,کم,26407
T000124,D131,P0119,13,جمعه,بازار,کن,15.9,13.1,3.5,کم,56733
T000125,D148,P0195,12,شنبه,فرمانیه,ونک,15.68,19.2,4.2,متوسط,68311
T000126,D112,P0002,13,دوشنبه,جردن,شهرک غرب,13.31,25.7,4.8,متوسط,62731
T000127,D111,P0072,10,سه‌شنبه,میدان ولی‌عصر,قیطریه,5.82,18.0,4.8,کم,31840
T000128,D081,P0680,9,سه‌شنبه,تجریش,بازار,9.86,23.0,4.8,متوسط,53196
T000129,D077,P0520,13,پنج‌شنبه,قیطریه,میدان انقلاب,7.79,6.7,4.2,زیاد,50875
T000130,D105,P0335,9,سه‌شنبه,بازار,میدان انقلاب,8.62,11.4,4.8,زیاد,57024
T000131,D076,P0568,20,سه‌شنبه,سعادت‌آباد,تجریش,8.08,20.2,4.2,زیاد,57569
T000132,D108,P0681,10,شنبه,بازار,میدان ولی‌عصر,6.61,21.8,4.2,متوسط,41361
T000133,D045,P0631,8,یکشنبه,قیطریه,جردن,12.34,21.6,4.2,متوسط,77346
T000134,D141,P0001,10,شنبه,قیطریه,سعادت‌آباد,10.67,20.7,4.8,متوسط,55441
T000135,D054,P0441,23,دوشنبه,میدان ولی‌عصر,الهیه,6.45,31.3,4.5,متوسط,44335
T000136,D114,P0453,11,چهارشنبه,جردن,قیطریه,12.36,16.6,4.2,کم,47469
T000137,D122,P0754,10,یکشنبه,شهرک غرب,میدان انقلاب,7.9,21.9,4.2,متوسط,47438
T000138,D022,P0291,20,دوشنبه,میدان ولی‌عصر,ولنجک,7.36,11.0,5.0,کم,34274
T000139,D061,P0689,20,چهارشنبه,قیطریه,تجریش,8.87,39.6,4.2,کم,45126
T000140,D051,P0151,14,دوشنبه,ونک,ولنجک,6.33,31.4,4.5,کم,36387
T000141,D063,P0487,15,یکشنبه,نیاوران,فرمانیه,8.61,7.9,4.5,متوسط,42141
T000142,D107,P0645,17,جمعه,جردن,بازار,6.84,22.3,4.5,متوسط,56315
T000143,D099,P0507,8,دوشنبه,بازار,تجریش,3.86,14.2,4.5,متوسط,39628
T000144,D038,P0672,16,سه‌شنبه,ونک,کن,8.67,40.2,4.8,متوسط,54095
T000145,D028,P0798,13,سه‌شنبه,میدان آزادی,تجریش,9.75,17.1,4.8,متوسط,51051
T000146,D046,P0713,13,چهارشنبه,شهر ری,ونک,9.52,31.1,4.0,زیاد,68655
T000147,D143,P0256,16,شنبه,تجریش,فرمانیه,7.5,21.2,4.2,متوسط,45071
T000148,D035,P0476,15,سه‌شنبه,میدان ولی‌عصر,میدان آزادی,6.82,21.5,4.5,کم,35578
T000149,D114,P0628,13,سه‌شنبه,میدان آزادی,شهر ری,7.08,21.8,4.8,متوسط,43318
T000150,D141,P0457,13,جمعه,شهرک غرب,بازار,8.84,16.4,4.2,متوسط,47116
T000151,D122,P0461,8,سه‌شنبه,فرمانیه,میدان آزادی,11.59,7.8,3.5,زیاد,83610
T000152,D064,P0653,14,شنبه,فرمانیه,میدان آزادی,9.13,32.5,4.5,متوسط,53404
T000153,D134,P0497,10,جمعه,الهیه,سعادت‌آباد,3.66,5.0,4.0,متوسط,25636
T000154,D113,P0080,8,چهارشنبه,قیطریه,تجریش,10.13,9.8,5.0,کم,53620
T000155,D070,P0344,11,جمعه,میدان ولی‌عصر,کن,13.54,11.4,4.2,کم,49213
T000156,D139,P0083,17,یکشنبه,سعادت‌آباد,نیاوران,8.73,10.0,4.8,متوسط,59606
T000157,D060,P0393,22,یکشنبه,سعادت‌آباد,بازار,9.03,23.7,4.8,زیاد,63464
T000158,D055,P0066,9,شنبه,میدان آزادی,جردن,11.99,21.6,4.8,متوسط,59191
T000159,D085,P0556,9,شنبه,شهر ری,جردن,5.97,34.4,4.2,متوسط,44891
T000160,D016,P0212,10,پنج‌شنبه,میدان آزادی,جردن,5.96,16.4,3.5,کم,28986
T000161,D150,P0713,11,سه‌شنبه,ونک,شهر ری,3.25,26.1,4.5,زیاد,40468
T000162,D148,P0390,10,جمعه,کن,ونک,7.86,20.0,4.5,متوسط,43422
T000163,D091,P0306,12,شنبه,بازار,شهر ری,8.63,5.0,4.0,متوسط,40573
T000164,D108,P0552,12,چهارشنبه,الهیه,فرمانیه,7.16,15.4,4.0,کم,35379
T000165,D057,P0280,13,چهارشنبه,میدان آزادی,الهیه,8.18,14.8,4.5,زیاد,56684
T000166,D008,P0399,11,پنج‌شنبه,میدان ولی‌عصر,میدان انقلاب,9.91,30.5,4.5,متوسط,55407
T000167,D104,P0742,12,چهارشنبه,شهرک غرب,شهر ری,6.05,16.1,4.8,کم,32737
T000168,D120,P0131,13,سه‌شنبه,ونک,کن,6.28,33.8,4.2,زیاد,57419
T000169,D101,P0607,22,چهارشنبه,ونک,نیاوران,9.84,11.8,4.0,کم,39760
T000170,D110,P0139,16,چهارشنبه,شهر ری,نیاوران,2.99,16.1,4.2,متوسط,31552
T000171,D013,P0267,23,شنبه,بازار,شهرک غرب,8.67,28.4,4.2,متوسط,52253
T000172,D055,P0466,18,دوشنبه,میدان ولی‌عصر,شهرک غرب,7.88,25.2,4.8,کم,48695
T000173,D098,P0285,13,چهارشنبه,میدان آزادی,سعادت‌آباد,6.12,23.2,4.5,زیاد,50561
T000174,D021,P0482,22,یکشنبه,ونک,بازار,5.99,19.8,4.2,زیاد,51111
T000175,D139,P0054,11,سه‌شنبه,میدان انقلاب,تجریش,11.45,6.1,4.0,متوسط,48986
T000176,D018,P0800,14,شنبه,ولنجک,میدان آزادی,11.48,19.6,4.2,کم,47309
T000177,D008,P0254,9,سه‌شنبه,جردن,شهر ری,10.99,16.0,4.2,کم,46538
T000178,D006,P0637,9,یکشنبه,سعادت‌آباد,تجریش,10.55,17.4,4.8,زیاد,68522
T000179,D033,P0485,12,پنج‌شنبه,تجریش,میدان ولی‌عصر,7.22,18.4,4.2,کم,36677
T000180,D056,P0477,7,شنبه,فرمانیه,میدان آزادی,8.16,25.9,4.2,متوسط,62509
T000181,D095,P0172,7,شنبه,تجریش,میدان آزادی,10.75,22.8,4.5,متوسط,74430
T000182,D042,P0319,9,شنبه,تجریش,میدان ولی‌عصر,7.58,28.9,4.2,متوسط,45975
T000183,D007,P0320,22,شنبه,بازار,جردن,6.13,35.3,4.8,کم,39220
T000184,D051,P0078,20,چهارشنبه,الهیه,ولنجک,9.49,39.2,4.8,متوسط,56896
T000185,D078,P0701,7,جمعه,تجریش,میدان آزادی,11.32,29.5,4.2,متوسط,79109
T000186,D145,P0043,8,چهارشنبه,میدان انقلاب,فرمانیه,4.56,19.5,4.8,متوسط,46120
T000187,D110,P0678,12,چهارشنبه,میدان انقلاب,ولنجک,7.27,27.7,4.2,متوسط,47075
T000188,D130,P0664,15,دوشنبه,میدان ولی‌عصر,ونک,10.1,18.8,4.5,کم,43087
T000189,D108,P0502,10,دوشنبه,تجریش,الهیه,12.78,13.2,4.2,متوسط,56552
T000190,D093,P0651,10,شنبه,شهر ری,میدان انقلاب,4.03,33.1,4.5,متوسط,39935
T000191,D040,P0446,11,پنج‌شنبه,شهرک غرب,بازار,1.0,38.3,3.5,متوسط,29113
T000192,D134,P0667,12,سه‌شنبه,فرمانیه,میدان ولی‌عصر,3.06,31.1,4.8,متوسط,35623
T000193,D138,P0794,21,شنبه,کن,الهیه,10.28,22.2,4.2,زیاد,65419
T000194,D112,P0749,11,یکشنبه,فرمانیه,شهرک غرب,7.16,12.1,4.8,متوسط,38571
T000195,D063,P0089,10,سه‌شنبه,فرمانیه,کن,5.03,27.5,4.2,کم,33660
T000196,D116,P0250,9,سه‌شنبه,شهر ری,قیطریه,5.09,15.2,4.5,کم,29773
T000197,D098,P0345,21,سه‌شنبه,ونک,فرمانیه,8.67,30.9,3.5,متوسط,51727
T000198,D084,P0187,15,پنج‌شنبه,کن,تجریش,9.63,14.4,4.5,متوسط,47473
T000199,D091,P0265,16,جمعه,میدان ولی‌عصر,سعادت‌آباد,4.27,14.5,4.8,کم,26565
T000200,D071,P0570,13,شنبه,ونک,قیطریه,11.74,13.3,4.5,کم,48570
T000201,D049,P0088,14,پنج‌شنبه,الهیه,بازار,7.44,19.0,3.5,متوسط,45004
T000202,D105,P0501,10,دوشنبه,الهیه,بازار,14.63,19.3,5.0,کم,58236
T000203,D122,P0662,13,دوشنبه,کن,الهیه,13.03,15.6,4.5,زیاد,74734
T000204,D005,P0096,10,شنبه,قیطریه,تجریش,12.89,15.3,4.2,متوسط,57058
T000205,D104,P0709,8,سه‌شنبه,الهیه,سعادت‌آباد,8.7,7.6,4.8,متوسط,53199
T000206,D149,P0378,10,چهارشنبه,کن,فرمانیه,9.12,33.4,4.5,کم,45448
T000207,D136,P0353,12,جمعه,میدان آزادی,میدان انقلاب,9.62,12.6,4.2,متوسط,47630
T000208,D141,P0339,14,دوشنبه,میدان انقلاب,بازار,5.29,28.7,4.8,کم,34753
T000209,D117,P0278,11,شنبه,قیطریه,سعادت‌آباد,11.64,21.1,4.5,متوسط,57214
T000210,D060,P0124,9,پنج‌شنبه,جردن,شهرک غرب,7.07,25.7,3.5,متوسط,46292
T000211,D031,P0761,10,دوشنبه,شهرک غرب,تجریش,2.49,24.1,4.2,متوسط,31120
T000212,D056,P0757,19,سه‌شنبه,کن,سعادت‌آباد,15.48,20.7,4.2,زیاد,110794
T000213,D135,P0612,16,پنج‌شنبه,قیطریه,ولنجک,6.0,27.9,4.0,متوسط,43249
T000214,D050,P0304,11,جمعه,الهیه,شهرک غرب,5.3,28.7,4.0,زیاد,51513
T000215,D046,P0310,19,سه‌شنبه,ونک,بازار,12.17,24.5,4.0,متوسط,76036
T000216,D137,P0130,11,شنبه,فرمانیه,ونک,7.08,20.5,5.0,متوسط,43810
T000217,D014,P0567,10,سه‌شنبه,قیطریه,بازار,5.18,18.8,4.5,کم,32905
T000218,D033,P0654,9,شنبه,کن,ولنجک,11.66,18.3,4.0,زیاد,72178
T000219,D004,P0588,8,چهارشنبه,قیطریه,الهیه,6.16,17.6,4.5,کم,42716
T000220,D123,P0452,15,سه‌شنبه,میدان ولی‌عصر,نیاوران,8.01,27.6,4.5,متوسط,46134
T000221,D014,P0259,9,پنج‌شنبه,کن,ولنجک,3.9,18.2,4.2,متوسط,33462
T000222,D017,P0411,14,شنبه,کن,ولنجک,10.28,15.4,3.5,کم,38423
T000223,D148,P0645,14,شنبه,ولنجک,تجریش,3.56,21.5,3.5,کم,27325
T000224,D039,P0577,8,سه‌شنبه,قیطریه,ولنجک,9.74,29.6,4.0,متوسط,70299
T000225,D064,P0122,9,دوشنبه,میدان آزادی,قیطریه,7.48,33.7,4.2,متوسط,51179
T000226,D058,P0795,17,جمعه,بازار,الهیه,7.37,14.6,4.5,متوسط,55885
T000227,D114,P0305,10,پنج‌شنبه,میدان آزادی,سعادت‌آباد,14.47,15.2,4.5,زیاد,81041
T000228,D146,P0636,8,سه‌شنبه,ولنجک,میدان ولی‌عصر,12.68,23.7,4.5,متوسط,78255
T000229,D026,P0782,7,شنبه,جردن,میدان انقلاب,6.9,21.5,4.0,کم,44393
T000230,D055,P0271,11,پنج‌شنبه,نیاوران,تجریش,5.09,11.6,4.0,کم,29005
T000231,D062,P0178,13,چهارشنبه,نیاوران,تجریش,10.99,13.9,4.5,متوسط,51900
T000232,D001,P0419,12,پنج‌شنبه,شهر ری,میدان انقلاب,7.25,23.6,3.5,زیاد,59066
T000233,D121,P0299,15,یکشنبه,ولنجک,سعادت‌آباد,8.17,22.1,4.5,متوسط,47694
T000234,D074,P0724,9,دوشنبه,قیطریه,بازار,11.22,11.6,4.2,متوسط,49293
T000235,D117,P0073,20,یکشنبه,الهیه,کن,7.34,17.8,4.8,متوسط,44102
T000236,D068,P0641,16,پنج‌شنبه,جردن,الهیه,6.25,18.7,4.8,متوسط,40294
T000237,D030,P0558,16,چهارشنبه,الهیه,میدان انقلاب,9.99,29.4,4.0,متوسط,55545
T000238,D039,P0273,15,یکشنبه,سعادت‌آباد,ولنجک,6.05,29.9,4.5,متوسط,43335
T000239,D016,P0170,12,سه‌شنبه,قیطریه,میدان ولی‌عصر,9.7,5.9,4.5,زیاد,58957
T000240,D146,P0296,9,دوشنبه,شهر ری,ولنجک,10.02,18.3,4.8,کم,41271
T000241,D120,P0706,12,چهارشنبه,قیطریه,بازار,4.41,23.6,4.2,متوسط,35916
T000242,D104,P0279,14,شنبه,کن,الهیه,8.04,13.7,5.0,متوسط,44444
T000243,D021,P0613,10,شنبه,ولنجک,کن,10.17,17.0,5.0,متوسط,53618
T000244,D111,P0753,17,سه‌شنبه,میدان ولی‌عصر,قیطریه,6.8,8.7,4.5,کم,38437
T000245,D065,P0027,13,دوشنبه,نیاوران,سعادت‌آباد,6.34,40.5,4.5,کم,42313
T000246,D148,P0602,12,سه‌شنبه,ونک,میدان آزادی,14.02,28.2,4.2,زیاد,84143
T000247,D069,P0591,12,شنبه,ولنجک,میدان آزادی,7.49,16.4,4.8,متوسط,42895
T000248,D045,P0482,11,شنبه,شهر ری,کن,12.43,14.3,4.0,کم,44561
T000249,D072,P0186,12,چهارشنبه,میدان آزادی,میدان ولی‌عصر,4.93,34.8,4.5,متوسط,41382
T000250,D126,P0094,16,دوشنبه,کن,شهرک غرب,5.12,35.1,4.0,متوسط,44707
T000251,D105,P0342,10,شنبه,میدان ولی‌عصر,میدان انقلاب,8.42,5.9,4.2,زیاد,51519
T000252,D027,P0165,16,پنج‌شنبه,میدان ولی‌عصر,جردن,3.22,24.1,4.5,متوسط,31927
T000253,D127,P0296,9,شنبه,بازار,شهر ری,7.92,34.2,4.2,متوسط,49553
T000254,D141,P0038,12,شنبه,شهر ری,ولنجک,9.41,26.1,5.0,کم,45194
T000255,D081,P0259,8,یکشنبه,میدان ولی‌عصر,ولنجک,5.37,13.4,4.8,کم,39630
T000256,D104,P0527,11,پنج‌شنبه,ونک,میدان انقلاب,5.59,19.8,3.5,کم,30804
T000257,D139,P0474,18,شنبه,میدان آزادی,ونک,1.0,27.1,4.2,زیاد,44212
T000258,D049,P0531,20,شنبه,میدان انقلاب,قیطریه,9.55,7.5,4.5,زیاد,56385
T000259,D128,P0641,10,چهارشنبه,شهر ری,بازار,8.88,9.1,4.5,زیاد,52996
T000260,D014,P0209,9,شنبه,فرمانیه,قیطریه,11.49,14.1,4.8,متوسط,52751
T000261,D034,P0295,12,شنبه,شهر ری,کن,9.29,25.5,4.0,متوسط,50214
T000262,D125,P0125,11,سه‌شنبه,ونک,میدان انقلاب,8.26,23.5,4.5,متوسط,48988
T000263,D062,P0727,13,سه‌شنبه,شهرک غرب,سعادت‌آباد,8.06,14.2,4.8,متوسط,42721
T000264,D142,P0015,9,دوشنبه,میدان آزادی,ولنجک,5.6,21.0,4.2,زیاد,50887
T000265,D058,P0117,17,پنج‌شنبه,شهر ری,ولنجک,7.12,7.5,5.0,متوسط,51337
T000266,D040,P0511,12,سه‌شنبه,قیطریه,فرمانیه,7.77,22.4,4.8,متوسط,44632
T000267,D070,P0426,14,جمعه,کن,الهیه,8.34,8.5,4.2,متوسط,45287
T000268,D063,P0468,15,دوشنبه,سعادت‌آباد,الهیه,11.24,20.5,4.0,متوسط,56795
T000269,D049,P0614,15,یکشنبه,سعادت‌آباد,شهر ری,7.0,16.8,4.0,زیاد,50347
T000270,D018,P0283,11,سه‌شنبه,میدان آزادی,شهرک غرب,9.27,20.2,5.0,متوسط,51600
T000271,D130,P0274,23,چهارشنبه,ونک,شهرک غرب,4.81,23.4,4.8,متوسط,39053
T000272,D077,P0602,13,جمعه,کن,میدان آزادی,15.77,21.6,4.0,زیاد,86302
T000273,D039,P0458,15,سه‌شنبه,کن,شهرک غرب,4.98,29.1,4.5,زیاد,46597
T000274,D086,P0566,12,پنج‌شنبه,بازار,الهیه,6.18,12.0,4.5,زیاد,45807
T000275,D083,P0194,8,یکشنبه,الهیه,میدان ولی‌عصر,6.82,12.6,4.5,متوسط,53068
T000276,D099,P0240,11,پنج‌شنبه,میدان آزادی,ونک,12.56,23.2,4.5,کم,50342
T000277,D082,P0763,13,دوشنبه,کن,میدان انقلاب,6.61,21.6,4.0,زیاد,53377
T000278,D098,P0396,10,چهارشنبه,سعادت‌آباد,فرمانیه,6.58,21.0,4.2,کم,37649
T000279,D010,P0130,7,یکشنبه,میدان ولی‌عصر,شهر ری,9.54,21.4,4.8,متوسط,66917
T000280,D026,P0451,10,جمعه,تجریش,قیطریه,11.33,25.4,4.0,متوسط,60374
T000281,D117,P0016,11,پنج‌شنبه,سعادت‌آباد,الهیه,1.48,26.8,5.0,کم,22935
T000282,D040,P0077,14,جمعه,کن,بازار,7.73,25.7,4.2,زیاد,57882
T000283,D068,P0347,14,پنج‌شنبه,بازار,میدان ولی‌عصر,5.19,28.7,4.8,کم,34141
T000284,D021,P0337,8,یکشنبه,بازار,شهرک غرب,13.51,19.8,4.2,متوسط,80259
T000285,D125,P0555,10,یکشنبه,ولنجک,میدان ولی‌عصر,10.85,33.7,4.8,کم,49076
T000286,D018,P0241,15,شنبه,قیطریه,تجریش,7.49,20.6,4.0,زیاد,57095
T000287,D024,P0445,12,شنبه,تجریش,میدان آزادی,10.93,24.0,4.8,متوسط,51765
T000288,D026,P0455,10,دوشنبه,شهرک غرب,بازار,10.03,24.1,4.8,متوسط,55233
T000289,D077,P0030,12,چهارشنبه,ولنجک,جردن,12.92,25.9,4.2,متوسط,62127
T000290,D015,P0301,11,چهارشنبه,میدان انقلاب,شهرک غرب,5.47,21.0,4.5,متوسط,39192
T000291,D111,P0150,13,شنبه,الهیه,قیطریه,5.77,9.4,4.5,کم,28619
T000292,D106,P0580,22,دوشنبه,شهرک غرب,نیاوران,5.92,8.7,4.5,کم,29307
T000293,D045,P0081,9,سه‌شنبه,بازار,قیطریه,7.07,14.0,4.8,متوسط,37838
T000294,D062,P0510,19,دوشنبه,سعادت‌آباد,تجریش,8.35,21.7,4.0,متوسط,60296
T000295,D119,P0654,12,پنج‌شنبه,فرمانیه,الهیه,13.7,19.5,5.0,کم,51050
T000296,D066,P0683,11,دوشنبه,ونک,کن,3.46,22.1,4.5,متوسط,33508
T000297,D120,P0295,15,جمعه,شهرک غرب,ولنجک,6.55,21.2,4.2,کم,37147
T000298,D114,P0354,9,دوشنبه,قیطریه,میدان انقلاب,10.69,5.0,4.0,متوسط,47192
T000299,D109,P0707,14,شنبه,فرمانیه,الهیه,7.33,14.8,4.8,متوسط,40068
T000300,D078,P0204,12,شنبه,بازار,شهر ری,12.23,25.7,4.5,زیاد,75772
T000301,D124,P0110,14,شنبه,الهیه,جردن,4.57,20.9,3.5,متوسط,35426
T000302,D147,P0368,12,شنبه,قیطریه,بازار,2.35,21.3,4.2,متوسط,27582
T000303,D076,P0023,13,پنج‌شنبه,بازار,سعادت‌آباد,6.06,34.2,4.5,کم,38914
T000304,D003,P0580,11,پنج‌شنبه,ولنجک,کن,5.99,22.3,4.8,متوسط,40786
T000305,D128,P0294,10,سه‌شنبه,الهیه,میدان ولی‌عصر,11.91,6.7,4.5,متوسط,50914
T000306,D091,P0225,11,شنبه,جردن,میدان ولی‌عصر,6.77,17.5,4.0,کم,35349
T000307,D065,P0695,13,چهارشنبه,سعادت‌آباد,میدان انقلاب,6.31,18.3,4.2,متوسط,41385
T000308,D025,P0643,11,یکشنبه,ولنجک,شهرک غرب,12.85,19.8,4.5,کم,50473
T000309,D113,P0035,11,شنبه,میدان انقلاب,بازار,9.64,20.1,4.2,کم,41980
T000310,D034,P0093,9,شنبه,قیطریه,شهرک غرب,6.89,17.9,4.2,زیاد,54303
T000311,D107,P0180,9,جمعه,جردن,نیاوران,10.09,17.3,4.5,زیاد,63478
T000312,D139,P0375,11,دوشنبه,فرمانیه,شهر ری,9.34,10.4,4.5,متوسط,46405
T000313,D043,P0264,14,پنج‌شنبه,کن,بازار,2.6,15.7,4.2,کم,22937
T000314,D076,P0765,10,جمعه,میدان ولی‌عصر,میدان آزادی,6.58,5.0,4.5,کم,31081
T000315,D030,P0480,11,چهارشنبه,نیاوران,تجریش,1.0,17.7,5.0,زیاد,31371
T000316,D058,P0693,13,یکشنبه,بازار,شهر ری,13.88,16.3,4.5,متوسط,61726
T000317,D143,P0375,10,جمعه,نیاوران,میدان آزادی,8.76,23.7,4.5,زیاد,62000
T000318,D102,P0015,9,پنج‌شنبه,فرمانیه,قیطریه,6.83,25.0,4.8,کم,35999
T000319,D032,P0466,11,جمعه,میدان انقلاب,میدان ولی‌عصر,11.38,19.6,4.5,متوسط,54227
T000320,D068,P0599,14,دوشنبه,بازار,شهر ری,6.04,5.0,4.5,زیاد,47601
T000321,D096,P0111,22,دوشنبه,الهیه,فرمانیه,9.56,25.2,4.5,زیاد,64889
T000322,D007,P0635,16,دوشنبه,میدان ولی‌عصر,کن,7.55,24.7,4.5,زیاد,53024
T000323,D057,P0664,7,سه‌شنبه,نیاوران,میدان انقلاب,11.37,27.6,4.5,کم,61858
T000324,D119,P0718,15,یکشنبه,قیطریه,میدان انقلاب,3.86,27.6,4.2,کم,30709
T000325,D105,P0120,14,پنج‌شنبه,سعادت‌آباد,ونک,6.08,23.5,4.8,متوسط,42853
T000326,D010,P0312,16,سه‌شنبه,کن,ولنجک,10.12,19.8,4.0,متوسط,50575
T000327,D025,P0241,11,شنبه,سعادت‌آباد,الهیه,5.62,17.5,4.8,زیاد,44136
T000328,D117,P0380,8,سه‌شنبه,میدان آزادی,قیطریه,8.64,25.3,4.0,کم,54942
T000329,D040,P0425,11,یکشنبه,تجریش,شهر ری,5.69,12.5,4.8,زیاد,46207
T000330,D126,P0631,10,سه‌شنبه,میدان آزادی,سعادت‌آباد,7.42,25.1,5.0,متوسط,43826
T000331,D009,P0707,11,چهارشنبه,میدان انقلاب,تجریش,1.0,21.5,4.5,متوسط,25443
T000332,D114,P0456,10,چهارشنبه,الهیه,شهر ری,6.53,23.8,4.5,متوسط,43305
T000333,D093,P0102,9,پنج‌شنبه,میدان انقلاب,فرمانیه,7.92,5.8,4.2,کم,32776
T000334,D092,P0063,14,یکشنبه,بازار,سعادت‌آباد,8.46,20.0,3.5,کم,39129
T000335,D049,P0126,13,شنبه,شهر ری,ولنجک,10.48,13.1,4.2,کم,40088
T000336,D055,P0658,16,یکشنبه,ونک,ولنجک,5.54,22.1,4.2,زیاد,49018
T000337,D086,P0250,11,جمعه,سعادت‌آباد,میدان آزادی,8.8,15.3,4.5,متوسط,48444
T000338,D145,P0211,6,یکشنبه,نیاوران,شهر ری,10.78,27.7,5.0,متوسط,58570
T000339,D142,P0213,21,چهارشنبه,جردن,شهر ری,6.15,17.5,4.8,متوسط,38921
T000340,D060,P0337,21,سه‌شنبه,سعادت‌آباد,میدان آزادی,6.65,8.4,4.2,متوسط,33945
T000341,D001,P0284,11,شنبه,سعادت‌آباد,نیاوران,6.64,31.6,4.8,زیاد,58063
T000342,D139,P0257,11,پنج‌شنبه,شهرک غرب,ولنجک,4.58,25.4,4.5,کم,29460
T000343,D007,P0135,9,چهارشنبه,ونک,جردن,5.39,29.0,4.5,متوسط,39663
T000344,D061,P0603,17,یکشنبه,میدان ولی‌عصر,ونک,9.92,15.6,4.0,متوسط,64467
T000345,D045,P0272,10,پنج‌شنبه,ولنجک,تجریش,7.31,12.0,4.5,متوسط,44297
T000346,D108,P0539,6,دوشنبه,تجریش,بازار,10.35,20.2,4.5,متوسط,53546
T000347,D017,P0488,14,پنج‌شنبه,شهر ری,بازار,9.32,20.2,4.0,کم,42344
T000348,D093,P0526,9,یکشنبه,تجریش,فرمانیه,9.78,20.8,4.2,متوسط,53543
T000349,D129,P0227,6,یکشنبه,ولنجک,بازار,8.49,20.4,4.8,کم,39617
T000350,D134,P0309,14,دوشنبه,شهر ری,میدان ولی‌عصر,8.73,7.2,4.0,کم,34744
T000351,D008,P0063,10,سه‌شنبه,کن,میدان آزادی,7.47,33.3,4.0,زیاد,61034
T000352,D103,P0437,21,شنبه,تجریش,فرمانیه,8.69,9.9,4.0,کم,35781
T000353,D114,P0076,13,پنج‌شنبه,نیاوران,جردن,4.67,22.0,4.8,متوسط,38677
T000354,D038,P0068,10,دوشنبه,سعادت‌آباد,شهرک غرب,4.95,18.1,4.5,زیاد,45437
T000355,D150,P0562,13,شنبه,میدان ولی‌عصر,جردن,5.49,36.7,4.0,زیاد,52715
T000356,D136,P0302,12,چهارشنبه,شهر ری,فرمانیه,8.55,18.5,4.8,متوسط,46179
T000357,D111,P0102,12,دوشنبه,تجریش,شهر ری,3.73,17.9,3.5,زیاد,39376
T000358,D142,P0739,21,یکشنبه,جردن,الهیه,9.77,7.2,4.2,متوسط,46987
T000359,D116,P0234,8,چهارشنبه,میدان آزادی,شهرک غرب,9.28,20.2,4.8,کم,56318
T000360,D117,P0409,10,چهارشنبه,میدان آزادی,میدان انقلاب,7.43,12.3,4.5,متوسط,41835
T000361,D025,P0321,12,شنبه,میدان آزادی,شهرک غرب,4.25,24.8,4.2,زیاد,44404
T000362,D066,P0384,11,شنبه,سعادت‌آباد,میدان انقلاب,8.8,36.8,4.0,کم,44662
T000363,D122,P0069,11,جمعه,نیاوران,شهر ری,6.05,30.6,4.2,متوسط,40761
T000364,D022,P0096,14,یکشنبه,میدان آزادی,ولنجک,11.02,5.0,4.5,کم,42395
T000365,D096,P0134,9,جمعه,ولنجک,میدان ولی‌عصر,8.04,12.4,4.2,کم,35207
T000366,D144,P0576,21,سه‌شنبه,میدان ولی‌عصر,میدان انقلاب,10.06,35.8,4.5,متوسط,55122
T000367,D032,P0421,10,دوشنبه,میدان انقلاب,شهر ری,7.43,27.4,4.8,متوسط,44375
T000368,D109,P0739,12,یکشنبه,ولنجک,شهرک غرب,7.96,27.1,4.2,کم,39406
T000369,D080,P0361,8,جمعه,تجریش,میدان ولی‌عصر,1.0,21.6,4.8,زیاد,42759
T000370,D130,P0218,14,چهارشنبه,سعادت‌آباد,میدان انقلاب,4.79,5.8,4.2,کم,26177
T000371,D124,P0230,9,چهارشنبه,تجریش,جردن,5.97,20.3,5.0,کم,31383
T000372,D143,P0377,10,شنبه,تجریش,میدان آزادی,4.74,25.4,4.5,زیاد,45507
T000373,D072,P0588,11,یکشنبه,الهیه,میدان آزادی,11.58,12.2,4.8,کم,45776
T000374,D110,P0575,15,جمعه,ونک,میدان ولی‌عصر,7.25,15.2,4.5,متوسط,43748
T000375,D069,P0030,8,سه‌شنبه,شهرک غرب,سعادت‌آباد,5.51,24.2,4.8,متوسط,52495
T000376,D080,P0348,10,چهارشنبه,میدان انقلاب,ونک,3.49,16.9,4.5,متوسط,31341
T000377,D047,P0147,11,جمعه,بازار,ولنجک,9.6,27.1,4.5,متوسط,53312
T000378,D037,P0759,14,پنج‌شنبه,ونک,نیاوران,9.49,26.7,4.0,متوسط,51569
T000379,D136,P0221,10,جمعه,بازار,جردن,9.32,26.2,4.5,متوسط,51790
T000380,D117,P0350,11,یکشنبه,شهرک غرب,جردن,10.01,25.6,4.2,کم,45958
T000381,D080,P0739,16,شنبه,میدان ولی‌عصر,میدان آزادی,3.45,17.1,4.5,زیاد,39389
T000382,D146,P0611,8,سه‌شنبه,نیاوران,کن,8.15,25.6,4.0,زیاد,78729
T000383,D014,P0160,12,دوشنبه,شهرک غرب,میدان آزادی,6.56,13.1,4.2,زیاد,50096
T000384,D013,P0691,10,چهارشنبه,نیاوران,شهرک غرب,9.85,29.7,4.8,کم,45928
T000385,D114,P0678,13,شنبه,میدان آزادی,الهیه,2.67,23.3,4.2,متوسط,28507
T000386,D114,P0425,14,دوشنبه,فرمانیه,تجریش,11.34,15.7,4.5,متوسط,51510
T000387,D132,P0117,8,دوشنبه,میدان انقلاب,جردن,8.48,24.0,4.5,متوسط,62491
T000388,D029,P0291,14,شنبه,کن,فرمانیه,4.02,12.3,4.2,زیاد,37176
T000389,D079,P0047,8,سه‌شنبه,الهیه,جردن,7.31,12.6,4.5,متوسط,50354
T000390,D015,P0008,11,یکشنبه,جردن,سعادت‌آباد,5.21,19.3,4.2,کم,28653
T000391,D055,P0786,13,جمعه,سعادت‌آباد,میدان آزادی,5.83,21.4,4.0,زیاد,48696
T000392,D066,P0297,12,چهارشنبه,میدان ولی‌عصر,ولنجک,7.19,9.6,3.5,زیاد,50509
T000393,D002,P0510,10,چهارشنبه,میدان آزادی,نیاوران,10.46,32.3,4.2,کم,49358
T000394,D034,P0390,20,شنبه,الهیه,قیطریه,8.81,24.4,4.2,متوسط,50142
T000395,D144,P0685,13,چهارشنبه,میدان انقلاب,ولنجک,7.31,19.7,4.5,کم,37033
T000396,D102,P0760,11,پنج‌شنبه,ولنجک,الهیه,7.81,24.5,5.0,کم,37359
T000397,D005,P0471,6,دوشنبه,نیاوران,شهر ری,8.68,17.0,4.8,متوسط,45908
T000398,D081,P0590,14,شنبه,میدان آزادی,قیطریه,3.18,34.0,4.5,کم,32221
T000399,D104,P0727,13,شنبه,میدان آزادی,سعادت‌آباد,8.88,18.1,4.5,کم,38468
T000400,D030,P0415,10,یکشنبه,ونک,جردن,5.93,19.5,4.5,متوسط,38118
T000401,D044,P0633,13,شنبه,شهر ری,میدان آزادی,9.5,23.8,4.8,متوسط,52179
T000402,D093,P0091,14,چهارشنبه,میدان آزادی,شهر ری,4.29,13.9,4.2,زیاد,40385
T000403,D028,P0250,12,سه‌شنبه,میدان آزادی,قیطریه,5.64,9.0,4.8,متوسط,34202
T000404,D103,P0537,13,یکشنبه,نیاوران,الهیه,12.36,15.2,4.2,متوسط,59513
T000405,D080,P0764,20,شنبه,میدان ولی‌عصر,تجریش,6.35,26.9,4.2,کم,35979
T000406,D086,P0798,8,سه‌شنبه,شهرک غرب,ولنجک,2.24,16.1,4.5,کم,31310
T000407,D131,P0649,9,یکشنبه,تجریش,قیطریه,10.37,22.7,4.8,متوسط,53195
T000408,D131,P0199,10,یکشنبه,میدان انقلاب,شهرک غرب,6.16,43.6,4.2,متوسط,50450
T000409,D038,P0242,15,پنج‌شنبه,تجریش,نیاوران,9.65,18.0,5.0,متوسط,49934
T000410,D066,P0203,20,پنج‌شنبه,شهرک غرب,میدان ولی‌عصر,1.34,18.2,4.5,متوسط,23687
T000411,D040,P0779,9,پنج‌شنبه,نیاوران,تجریش,10.77,23.9,4.8,متوسط,58371
T000412,D127,P0476,9,چهارشنبه,شهر ری,میدان ولی‌عصر,4.61,24.4,4.2,کم,29473
T000413,D145,P0659,9,شنبه,میدان ولی‌عصر,شهر ری,10.93,27.3,4.5,کم,46458
T000414,D081,P0155,8,یکشنبه,شهر ری,ولنجک,4.22,39.4,4.2,کم,45350
T000415,D121,P0453,11,یکشنبه,قیطریه,میدان آزادی,11.06,36.7,4.2,متوسط,63613
T000416,D071,P0606,13,یکشنبه,ولنجک,جردن,9.17,5.0,4.8,متوسط,43711
T000417,D130,P0076,12,شنبه,قیطریه,الهیه,5.22,22.0,4.2,کم,30178
T000418,D116,P0039,11,جمعه,ولنجک,جردن,9.95,20.3,4.2,کم,40802
T000419,D074,P0079,15,شنبه,نیاوران,میدان ولی‌عصر,15.86,11.1,4.5,متوسط,66405
T000420,D130,P0394,15,پنج‌شنبه,شهر ری,قیطریه,13.28,19.6,4.2,متوسط,63109
T000421,D142,P0757,11,یکشنبه,ولنجک,فرمانیه,5.6,19.5,4.2,زیاد,47706
T000422,D147,P0668,8,پنج‌شنبه,جردن,شهرک غرب,8.17,26.8,5.0,کم,49242
T000423,D122,P0514,13,شنبه,سعادت‌آباد,ونک,11.6,16.1,4.2,زیاد,65915
T000424,D116,P0106,10,دوشنبه,میدان ولی‌عصر,بازار,9.86,15.0,4.2,متوسط,49102
T000425,D022,P0517,14,چهارشنبه,شهرک غرب,ونک,9.95,10.9,4.5,کم,41054
T000426,D064,P0725,12,شنبه,شهر ری,الهیه,10.01,23.7,4.8,متوسط,55115
T000427,D135,P0536,15,سه‌شنبه,شهرک غرب,جردن,9.23,13.1,4.5,متوسط,46143
T000428,D096,P0290,17,چهارشنبه,بازار,جردن,6.56,21.6,4.5,متوسط,54875
T000429,D087,P0696,17,سه‌شنبه,ولنجک,میدان آزادی,4.9,23.2,4.5,متوسط,47417
T000430,D086,P0068,10,یکشنبه,میدان ولی‌عصر,ولنجک,6.04,17.0,4.8,متوسط,36555
T000431,D143,P0695,9,شنبه,بازار,سعادت‌آباد,5.28,32.2,4.8,متوسط,40818
T000432,D065,P0742,13,یکشنبه,سعادت‌آباد,جردن,10.56,21.4,4.2,کم,45651
T000433,D021,P0597,9,چهارشنبه,سعادت‌آباد,کن,9.39,9.1,4.2,متوسط,46659
T000434,D090,P0318,14,یکشنبه,بازار,نیاوران,9.88,22.1,4.2,متوسط,51172
T000435,D022,P0318,7,یکشنبه,بازار,میدان ولی‌عصر,9.05,7.5,3.5,متوسط,58530
T000436,D085,P0131,17,دوشنبه,نیاوران,میدان انقلاب,7.09,22.7,4.2,متوسط,57474
T000437,D109,P0521,8,شنبه,میدان انقلاب,ونک,10.27,24.9,4.8,زیاد,86509
T000438,D093,P0317,7,دوشنبه,شهرک غرب,تجریش,7.27,22.7,4.2,متوسط,59821
T000439,D088,P0785,10,شنبه,کن,تجریش,9.87,30.6,4.8,کم,46435
T000440,D058,P0141,12,چهارشنبه,سعادت‌آباد,ولنجک,11.27,22.0,4.5,زیاد,71738
T000441,D076,P0104,14,دوشنبه,ولنجک,میدان انقلاب,5.54,32.3,4.2,متوسط,43198
T000442,D087,P0785,9,جمعه,سعادت‌آباد,میدان ولی‌عصر,1.7,25.0,4.5,کم,25078
T000443,D097,P0158,11,چهارشنبه,شهرک غرب,نیاوران,4.82,31.9,4.8,کم,36558
T000444,D043,P0739,13,چهارشنبه,شهر ری,ونک,8.01,14.1,4.5,متوسط,42766
T000445,D106,P0374,9,چهارشنبه,الهیه,فرمانیه,13.96,15.8,4.8,کم,53959
T000446,D073,P0771,15,پنج‌شنبه,شهر ری,تجریش,10.56,20.3,4.5,متوسط,54248
T000447,D137,P0245,9,سه‌شنبه,قیطریه,میدان آزادی,9.16,18.4,4.5,متوسط,47789
T000448,D121,P0199,7,دوشنبه,میدان انقلاب,میدان ولی‌عصر,7.55,21.6,4.8,زیاد,71669
T000449,D147,P0452,13,یکشنبه,شهر ری,بازار,9.89,13.6,4.2,زیاد,61566
T000450,D073,P0797,22,دوشنبه,بازار,فرمانیه,10.46,15.9,5.0,زیاد,64075
T000451,D136,P0429,16,جمعه,شهرک غرب,شهر ری,7.38,14.0,4.0,کم,34399
T000452,D052,P0620,10,شنبه,سعادت‌آباد,شهر ری,3.35,18.0,5.0,متوسط,30562
T000453,D065,P0054,22,دوشنبه,کن,میدان آزادی,10.62,14.8,4.2,کم,42268
T000454,D096,P0568,10,دوشنبه,تجریش,بازار,6.94,16.4,4.2,زیاد,51670
T000455,D133,P0128,9,دوشنبه,قیطریه,ولنجک,7.91,13.2,4.2,متوسط,42334
T000456,D042,P0280,12,سه‌شنبه,شهر ری,کن,8.9,22.8,4.2,متوسط,47811
T000457,D132,P0151,8,دوشنبه,میدان آزادی,ولنجک,10.75,15.6,4.0,متوسط,70540
T000458,D057,P0462,12,چهارشنبه,میدان انقلاب,کن,7.04,23.9,4.2,متوسط,44650
T000459,D007,P0425,16,جمعه,ولنجک,الهیه,7.16,26.8,4.0,متوسط,45445
T000460,D129,P0383,11,پنج‌شنبه,الهیه,جردن,13.11,27.6,4.2,متوسط,63127
T000461,D021,P0384,11,چهارشنبه,الهیه,ونک,7.27,17.6,5.0,کم,38311
T000462,D082,P0102,11,چهارشنبه,میدان ولی‌عصر,میدان آزادی,12.88,22.4,4.2,متوسط,58810
T000463,D038,P0141,9,سه‌شنبه,ولنجک,شهرک غرب,6.23,13.3,4.2,کم,30751
T000464,D121,P0713,19,جمعه,سعادت‌آباد,میدان آزادی,10.5,11.2,4.2,متوسط,65224
T000465,D121,P0460,11,شنبه,ونک,کن,11.54,21.6,4.8,کم,45660
T000466,D021,P0020,10,پنج‌شنبه,فرمانیه,تجریش,10.04,13.3,3.5,زیاد,60316
T000467,D039,P0562,15,چهارشنبه,میدان آزادی,ولنجک,6.09,23.7,4.5,متوسط,41137
T000468,D074,P0244,19,شنبه,قیطریه,ولنجک,5.27,12.5,4.2,زیاد,55411
T000469,D013,P0245,11,دوشنبه,میدان آزادی,میدان ولی‌عصر,6.18,23.7,4.5,متوسط,40666
T000470,D118,P0065,15,یکشنبه,تجریش,شهر ری,12.17,21.1,4.5,زیاد,69931
T000471,D128,P0612,12,سه‌شنبه,ونک,میدان انقلاب,1.75,33.8,4.8,کم,26440
T000472,D132,P0589,10,شنبه,الهیه,بازار,6.73,15.4,4.5,کم,33944
T000473,D037,P0299,9,دوشنبه,میدان آزادی,ونک,6.65,30.1,4.8,کم,36545
T000474,D091,P0247,13,سه‌شنبه,میدان آزادی,نیاوران,10.27,18.6,4.0,کم,44266
T000475,D022,P0537,15,سه‌شنبه,میدان انقلاب,ولنجک,5.84,26.0,4.2,کم,34534
T000476,D135,P0558,20,یکشنبه,ونک,الهیه,8.76,32.6,4.2,زیاد,66997
T000477,D121,P0045,20,پنج‌شنبه,بازار,شهرک غرب,5.33,27.6,4.2,زیاد,51749
T000478,D065,P0766,23,یکشنبه,ونک,جردن,12.42,15.2,4.2,کم,47251
T000479,D018,P0354,11,پنج‌شنبه,الهیه,بازار,9.92,18.5,4.0,کم,42832
T000480,D027,P0791,9,جمعه,میدان ولی‌عصر,نیاوران,4.56,20.7,4.2,متوسط,31029
T000481,D012,P0361,13,چهارشنبه,میدان ولی‌عصر,شهر ری,9.4,32.2,4.8,زیاد,66302
T000482,D045,P0798,11,پنج‌شنبه,شهر ری,میدان انقلاب,13.24,29.1,4.2,کم,52171
T000483,D123,P0647,9,دوشنبه,شهرک غرب,میدان آزادی,11.67,17.9,4.0,متوسط,53131
T000484,D035,P0065,12,یکشنبه,شهر ری,ونک,8.81,9.1,4.0,کم,39722
T000485,D076,P0207,12,جمعه,ولنجک,میدان آزادی,11.79,13.2,4.5,زیاد,68565
T000486,D052,P0043,13,جمعه,میدان ولی‌عصر,کن,11.82,6.8,3.5,زیاد,63916
T000487,D080,P0528,15,شنبه,بازار,شهر ری,4.61,39.3,4.0,زیاد,55241
T000488,D140,P0485,7,چهارشنبه,فرمانیه,ونک,9.81,12.4,4.0,متوسط,62877
T000489,D049,P0293,10,جمعه,میدان انقلاب,شهر ری,2.28,13.1,4.0,کم,21006
T000490,D013,P0672,10,سه‌شنبه,میدان ولی‌عصر,سعادت‌آباد,13.66,23.9,4.2,زیاد,77665
T000491,D032,P0377,15,سه‌شنبه,میدان آزادی,کن,4.14,8.8,4.8,متوسط,27712
T000492,D103,P0762,16,یکشنبه,شهر ری,کن,1.0,29.6,4.8,متوسط,27362
T000493,D099,P0348,11,یکشنبه,شهرک غرب,فرمانیه,8.57,23.6,4.5,کم,36773
T000494,D128,P0377,9,چهارشنبه,فرمانیه,میدان آزادی,6.03,20.5,4.5,کم,33875
T000495,D022,P0745,11,شنبه,میدان آزادی,ولنجک,9.83,21.3,4.5,کم,44025
T000496,D111,P0617,11,پنج‌شنبه,شهرک غرب,قیطریه,1.85,23.4,4.2,کم,25442
T000497,D076,P0329,8,دوشنبه,تجریش,ولنجک,13.2,13.1,4.5,کم,61839
T000498,D084,P0677,9,پنج‌شنبه,قیطریه,سعادت‌آباد,6.81,19.3,4.0,زیاد,51418
T000499,D115,P0618,12,یکشنبه,میدان آزادی,نیاوران,13.26,20.1,5.0,کم,51544
T000500,D114,P0360,13,دوشنبه,شهر ری,ونک,10.08,21.6,4.5,متوسط,54864
T000501,D091,P0630,14,پنج‌شنبه,میدان آزادی,سعادت‌آباد,8.7,18.0,4.5,زیاد,55787
T000502,D015,P0077,18,یکشنبه,بازار,شهرک غرب,4.65,19.5,4.5,متوسط,47825
T000503,D132,P0768,12,دوشنبه,شهرک غرب,ونک,7.72,23.4,4.5,متوسط,47520
T000504,D037,P0623,20,دوشنبه,شهر ری,ونک,9.75,14.3,5.0,کم,41963
T000505,D033,P0069,12,چهارشنبه,الهیه,میدان آزادی,5.81,22.9,4.8,کم,31455
T000506,D094,P0371,10,سه‌شنبه,بازار,قیطریه,9.72,10.7,4.0,متوسط,46980
T000507,D009,P0620,14,جمعه,سعادت‌آباد,میدان انقلاب,7.42,14.0,4.0,کم,36302
T000508,D116,P0380,9,یکشنبه,میدان انقلاب,الهیه,12.97,23.9,4.8,متوسط,61376
T000509,D020,P0588,8,شنبه,سعادت‌آباد,قیطریه,2.27,30.5,3.5,متوسط,41742
T000510,D094,P0408,12,دوشنبه,میدان ولی‌عصر,میدان انقلاب,7.89,20.3,4.2,متوسط,46045
T000511,D072,P0256,10,جمعه,تجریش,ونک,10.54,5.0,4.0,متوسط,48469
T000512,D048,P0512,10,یکشنبه,بازار,کن,9.41,19.1,4.2,زیاد,60544
T000513,D144,P0121,8,یکشنبه,فرمانیه,میدان آزادی,1.0,17.0,4.2,متوسط,28720
T000514,D067,P0721,12,پنج‌شنبه,شهر ری,تجریش,8.33,15.1,4.0,کم,38048
T000515,D074,P0711,11,دوشنبه,کن,تجریش,6.83,21.3,3.5,متوسط,41127
T000516,D032,P0139,13,یکشنبه,نیاوران,فرمانیه,9.82,12.0,4.2,کم,39027
T000517,D045,P0731,13,پنج‌شنبه,شهر ری,ولنجک,10.94,24.2,4.2,کم,45421
T000518,D082,P0684,13,یکشنبه,میدان انقلاب,بازار,11.99,27.1,4.8,کم,52866
T000519,D017,P0564,11,سه‌شنبه,قیطریه,کن,3.39,5.0,4.2,متوسط,25826
T000520,D077,P0162,20,چهارشنبه,شهرک غرب,میدان آزادی,9.31,21.8,4.8,کم,43731
T000521,D093,P0521,15,شنبه,الهیه,ولنجک,5.14,14.6,4.8,کم,30583
T000522,D052,P0143,10,چهارشنبه,الهیه,میدان آزادی,9.35,33.3,4.5,متوسط,56747
T000523,D127,P0027,11,یکشنبه,میدان انقلاب,فرمانیه,5.79,25.8,4.5,کم,36272
T000524,D147,P0378,10,شنبه,شهر ری,بازار,10.09,22.3,4.8,کم,42413
T000525,D142,P0133,14,دوشنبه,نیاوران,ولنجک,10.34,19.7,4.2,متوسط,50895
T000526,D080,P0408,12,یکشنبه,کن,فرمانیه,13.73,28.1,5.0,کم,52871
T000527,D106,P0788,17,سه‌شنبه,میدان آزادی,شهر ری,8.04,42.9,4.0,کم,55968
T000528,D148,P0076,19,دوشنبه,سعادت‌آباد,جردن,11.18,23.5,4.2,متوسط,72219
T000529,D019,P0461,13,جمعه,شهر ری,میدان ولی‌عصر,9.92,28.5,4.5,زیاد,66672
T000530,D133,P0353,13,چهارشنبه,سعادت‌آباد,کن,5.86,18.1,4.5,متوسط,38573
T000531,D142,P0656,13,سه‌شنبه,شهرک غرب,میدان آزادی,5.37,17.0,4.0,زیاد,46105
T000532,D034,P0444,8,دوشنبه,ولنجک,شهر ری,9.94,27.1,4.0,کم,59534
T000533,D032,P0531,13,دوشنبه,سعادت‌آباد,شهرک غرب,11.51,21.1,5.0,متوسط,55226
T000534,D043,P0166,12,دوشنبه,میدان ولی‌عصر,کن,8.09,7.5,4.2,کم,36732
T000535,D058,P0355,10,شنبه,قیطریه,شهر ری,12.26,5.0,4.8,زیاد,68123
T000536,D021,P0257,10,یکشنبه,جردن,میدان انقلاب,9.01,33.4,4.5,متوسط,52051
T000537,D142,P0282,9,چهارشنبه,سعادت‌آباد,میدان انقلاب,8.65,11.8,4.5,متوسط,45393
T000538,D078,P0630,12,چهارشنبه,نیاوران,قیطریه,9.08,10.5,3.5,کم,38550
T000539,D044,P0607,11,سه‌شنبه,سعادت‌آباد,نیاوران,6.92,23.3,4.0,زیاد,54351
T000540,D087,P0578,12,سه‌شنبه,ولنجک,شهر ری,5.05,21.6,4.5,کم,29747
T000541,D008,P0084,13,پنج‌شنبه,ولنجک,میدان انقلاب,7.99,15.3,4.5,کم,37938
T000542,D148,P0272,17,پنج‌شنبه,جردن,میدان آزادی,3.36,32.7,4.2,متوسط,48008
T000543,D147,P0427,11,یکشنبه,ونک,فرمانیه,9.51,34.4,4.2,زیاد,67583
T000544,D140,P0297,13,دوشنبه,قیطریه,الهیه,11.69,17.7,4.2,زیاد,72199
T000545,D063,P0702,10,شنبه,بازار,سعادت‌آباد,9.28,20.6,4.2,کم,41515
T000546,D117,P0075,9,چهارشنبه,ولنجک,تجریش,1.61,10.8,4.0,زیاد,26368
T000547,D113,P0426,11,دوشنبه,کن,الهیه,5.87,35.6,4.5,کم,37970
T000548,D053,P0349,9,سه‌شنبه,سعادت‌آباد,جردن,8.39,31.6,4.2,متوسط,53669
T000549,D082,P0752,9,دوشنبه,میدان انقلاب,جردن,9.52,14.2,4.2,کم,43294
T000550,D034,P0779,16,سه‌شنبه,میدان انقلاب,فرمانیه,11.57,28.8,4.5,کم,48737
T000551,D144,P0109,12,جمعه,میدان ولی‌عصر,تجریش,3.27,13.6,4.0,کم,27204
T000552,D120,P0126,8,جمعه,فرمانیه,الهیه,3.84,24.0,4.8,کم,39697
T000553,D064,P0145,11,چهارشنبه,تجریش,ونک,9.47,24.6,4.2,زیاد,65233
T000554,D075,P0394,12,جمعه,میدان آزادی,تجریش,1.0,18.2,4.8,زیاد,33019
T000555,D041,P0336,7,جمعه,میدان ولی‌عصر,تجریش,5.98,16.8,4.2,متوسط,49048
T000556,D041,P0511,12,جمعه,شهر ری,الهیه,7.56,9.7,4.2,کم,32996
T000557,D079,P0510,15,پنج‌شنبه,ونک,نیاوران,2.67,28.5,4.8,متوسط,33346
T000558,D101,P0518,14,سه‌شنبه,شهر ری,تجریش,11.3,24.2,4.5,متوسط,56869
T000559,D056,P0598,10,چهارشنبه,میدان انقلاب,ونک,4.14,22.3,4.0,متوسط,35059
T000560,D013,P0289,10,چهارشنبه,کن,قیطریه,12.77,19.1,4.0,کم,48439
T000561,D121,P0293,9,دوشنبه,ونک,شهر ری,7.62,15.5,4.5,متوسط,44469
T000562,D028,P0442,9,سه‌شنبه,سعادت‌آباد,کن,6.87,33.6,4.8,متوسط,49942
T000563,D068,P0745,21,شنبه,میدان انقلاب,میدان آزادی,8.53,9.3,4.5,کم,35424
T000564,D104,P0375,9,شنبه,ولنجک,الهیه,7.34,20.4,4.2,متوسط,42191
T000565,D014,P0584,23,چهارشنبه,جردن,شهرک غرب,10.93,5.0,4.0,کم,42564
T000566,D142,P0296,11,سه‌شنبه,نیاوران,الهیه,12.16,17.1,4.2,کم,47434
T000567,D130,P0462,8,جمعه,فرمانیه,شهر ری,12.59,25.3,4.2,متوسط,79182
T000568,D031,P0132,9,پنج‌شنبه,تجریش,الهیه,7.36,24.1,4.5,زیاد,59342
T000569,D096,P0348,8,یکشنبه,میدان انقلاب,میدان آزادی,11.54,15.0,5.0,کم,59021
T000570,D037,P0204,10,دوشنبه,بازار,فرمانیه,8.15,22.6,4.0,متوسط,46899
T000571,D011,P0047,10,چهارشنبه,ولنجک,تجریش,13.14,6.0,4.8,زیاد,68775
T000572,D086,P0486,11,سه‌شنبه,شهر ری,نیاوران,9.27,24.0,5.0,کم,38649
T000573,D132,P0144,13,دوشنبه,میدان ولی‌عصر,کن,6.25,10.6,4.5,متوسط,34235
T000574,D082,P0167,12,سه‌شنبه,بازار,قیطریه,4.85,19.2,4.5,متوسط,33981
T000575,D077,P0608,9,چهارشنبه,میدان ولی‌عصر,فرمانیه,7.85,18.7,4.8,متوسط,46016
T000576,D131,P0546,12,پنج‌شنبه,کن,میدان انقلاب,4.77,25.5,4.5,کم,33768
T000577,D145,P0307,10,دوشنبه,کن,میدان آزادی,9.04,40.1,4.2,کم,43867
T000578,D005,P0378,14,شنبه,میدان ولی‌عصر,میدان انقلاب,7.9,25.1,4.0,متوسط,47338
T000579,D029,P0427,8,چهارشنبه,قیطریه,میدان آزادی,1.43,29.6,4.5,زیاد,48006
T000580,D007,P0612,17,سه‌شنبه,کن,سعادت‌آباد,11.22,17.6,4.5,زیاد,90387
T000581,D149,P0592,12,یکشنبه,الهیه,بازار,5.5,14.9,4.2,متوسط,39461
T000582,D014,P0598,11,سه‌شنبه,کن,نیاوران,11.99,20.6,4.2,کم,46215
T000583,D135,P0645,11,پنج‌شنبه,بازار,نیاوران,11.21,24.8,4.8,کم,50918
T000584,D063,P0033,13,چهارشنبه,تجریش,سعادت‌آباد,3.56,12.2,4.8,کم,26078
T000585,D005,P0452,10,جمعه,میدان ولی‌عصر,جردن,5.53,14.2,4.0,زیاد,48216
T000586,D039,P0423,10,چهارشنبه,جردن,الهیه,8.0,13.8,4.2,کم,37756
T000587,D129,P0794,22,چهارشنبه,کن,میدان آزادی,7.46,23.2,4.8,متوسط,43649
T000588,D016,P0723,13,چهارشنبه,سعادت‌آباد,قیطریه,7.15,9.0,4.5,متوسط,39615
T000589,D054,P0575,11,چهارشنبه,میدان ولی‌عصر,میدان انقلاب,5.5,26.1,4.2,کم,34470
T000590,D123,P0539,18,دوشنبه,بازار,شهرک غرب,6.1,23.4,4.8,کم,44931
T000591,D045,P0471,21,دوشنبه,میدان ولی‌عصر,فرمانیه,6.51,18.5,4.5,کم,32618
T000592,D091,P0693,15,پنج‌شنبه,فرمانیه,میدان ولی‌عصر,4.66,26.3,4.8,متوسط,37181
T000593,D124,P0197,9,چهارشنبه,الهیه,سعادت‌آباد,8.45,22.9,4.2,متوسط,48233
T000594,D143,P0306,9,یکشنبه,الهیه,سعادت‌آباد,14.64,23.0,4.0,زیاد,83703
T000595,D074,P0722,10,چهارشنبه,جردن,بازار,10.19,24.7,4.8,متوسط,55427
T000596,D126,P0325,13,یکشنبه,کن,شهرک غرب,10.62,19.5,4.0,متوسط,53373
T000597,D144,P0739,11,پنج‌شنبه,فرمانیه,سعادت‌آباد,4.64,16.9,4.8,متوسط,35295
T000598,D032,P0588,12,سه‌شنبه,بازار,کن,5.45,30.2,4.8,متوسط,41390
T000599,D102,P0354,8,پنج‌شنبه,سعادت‌آباد,شهرک غرب,11.65,28.5,4.2,زیاد,96006
T000600,D011,P0295,11,پنج‌شنبه,نیاوران,جردن,9.0,28.5,4.2,کم,45229
T000601,D114,P0672,20,یکشنبه,فرمانیه,بازار,6.43,30.8,4.0,کم,37947
T000602,D123,P0220,11,دوشنبه,جردن,شهر ری,8.12,22.2,4.2,زیاد,55256
T000603,D138,P0278,12,سه‌شنبه,فرمانیه,نیاوران,7.46,19.1,4.5,متوسط,41203
T000604,D028,P0631,14,یکشنبه,الهیه,تجریش,2.64,24.0,4.2,متوسط,32558
T000605,D013,P0686,10,چهارشنبه,الهیه,میدان انقلاب,1.94,21.2,4.5,زیاد,36004
T000606,D060,P0054,11,شنبه,تجریش,الهیه,7.63,17.0,4.2,کم,34173
T000607,D085,P0735,18,پنج‌شنبه,کن,ولنجک,5.86,24.2,4.0,کم,44540
T000608,D036,P0006,11,شنبه,شهرک غرب,الهیه,8.5,5.0,4.2,متوسط,41980
T000609,D122,P0489,13,شنبه,جردن,میدان آزادی,11.76,16.4,4.2,متوسط,55739
T000610,D074,P0329,16,پنج‌شنبه,قیطریه,میدان انقلاب,14.13,22.2,4.5,زیاد,80938
T000611,D016,P0788,14,یکشنبه,نیاوران,میدان انقلاب,8.68,20.1,4.8,کم,38272
T000612,D147,P0238,6,دوشنبه,ولنجک,کن,11.91,25.3,4.2,زیاد,73228
T000613,D045,P0428,6,یکشنبه,شهرک غرب,کن,5.65,13.9,4.0,کم,27655
T000614,D010,P0407,11,دوشنبه,کن,نیاوران,9.41,5.0,4.0,زیاد,55425
T000615,D075,P0039,8,یکشنبه,ونک,شهرک غرب,4.87,10.6,4.0,متوسط,43167
T000616,D146,P0618,9,شنبه,تجریش,کن,5.34,21.4,4.0,زیاد,49647
T000617,D086,P0292,10,پنج‌شنبه,شهر ری,میدان ولی‌عصر,8.77,18.1,3.5,متوسط,46975
T000618,D140,P0537,10,یکشنبه,کن,شهر ری,8.64,8.9,4.5,کم,33857
T000619,D035,P0517,13,یکشنبه,شهر ری,سعادت‌آباد,8.1,5.0,4.8,متوسط,39021
T000620,D050,P0116,12,شنبه,میدان ولی‌عصر,نیاوران,9.26,9.9,3.5,کم,35426
T000621,D118,P0664,21,جمعه,فرمانیه,بازار,6.85,19.0,4.0,متوسط,41198
T000622,D048,P0015,22,دوشنبه,میدان ولی‌عصر,میدان آزادی,8.81,14.6,4.5,کم,40169
T000623,D076,P0582,9,جمعه,جردن,نیاوران,11.55,23.8,4.0,متوسط,59176
T000624,D104,P0438,11,شنبه,میدان ولی‌عصر,ولنجک,3.73,29.9,4.2,کم,30867
T000625,D103,P0686,9,یکشنبه,تجریش,نیاوران,10.94,9.0,4.5,متوسط,52095
T000626,D036,P0489,9,دوشنبه,میدان ولی‌عصر,کن,6.61,15.8,4.0,زیاد,50643
T000627,D064,P0007,11,چهارشنبه,فرمانیه,جردن,6.9,18.8,4.5,کم,33809
T000628,D061,P0458,9,یکشنبه,فرمانیه,شهرک غرب,7.41,19.9,4.0,متوسط,43497
T000629,D078,P0597,19,یکشنبه,ونک,شهرک غرب,8.96,33.2,4.8,متوسط,67124
T000630,D093,P0710,9,جمعه,الهیه,ونک,8.47,11.2,4.8,متوسط,41644
T000631,D031,P0477,21,چهارشنبه,قیطریه,نیاوران,10.85,21.9,3.5,کم,43409
T000632,D104,P0703,14,جمعه,قیطریه,بازار,7.41,5.2,5.0,متوسط,37187
T000633,D031,P0655,11,دوشنبه,قیطریه,شهرک غرب,8.43,26.8,4.8,زیاد,60467
T000634,D057,P0225,16,دوشنبه,سعادت‌آباد,فرمانیه,2.28,31.1,4.8,زیاد,41617
T000635,D040,P0466,11,شنبه,میدان انقلاب,جردن,13.01,12.5,4.5,متوسط,59895
T000636,D141,P0483,9,چهارشنبه,جردن,میدان آزادی,3.78,8.7,4.2,متوسط,29190
T000637,D064,P0697,11,یکشنبه,نیاوران,قیطریه,7.74,24.4,4.5,زیاد,60773
T000638,D115,P0541,10,دوشنبه,میدان انقلاب,ولنجک,8.67,17.9,3.5,کم,38546
T000639,D145,P0115,22,یکشنبه,ولنجک,شهر ری,10.88,23.7,4.5,کم,47319
T000640,D141,P0518,14,چهارشنبه,جردن,میدان ولی‌عصر,12.58,20.5,4.2,متوسط,60107
T000641,D138,P0154,8,جمعه,شهرک غرب,جردن,6.95,13.8,4.8,متوسط,51403
T000642,D134,P0453,16,دوشنبه,تجریش,میدان انقلاب,1.0,24.3,4.0,متوسط,26790
T000643,D053,P0735,9,چهارشنبه,کن,ولنجک,14.55,24.6,4.0,کم,55610
T000644,D131,P0457,12,پنج‌شنبه,ولنجک,فرمانیه,7.28,14.1,5.0,متوسط,44173
T000645,D034,P0526,19,سه‌شنبه,میدان آزادی,الهیه,6.18,22.9,4.2,متوسط,56546
T000646,D145,P0060,9,دوشنبه,شهر ری,میدان ولی‌عصر,11.87,22.8,4.5,زیاد,72901
T000647,D079,P0741,14,سه‌شنبه,ونک,الهیه,9.7,11.6,4.5,متوسط,52418
T000648,D066,P0004,10,سه‌شنبه,جردن,میدان ولی‌عصر,4.63,24.4,4.0,کم,30079
T000649,D019,P0047,11,چهارشنبه,میدان آزادی,شهرک غرب,2.93,16.2,4.5,متوسط,25942
T000650,D017,P0555,14,شنبه,ولنجک,کن,8.09,5.0,4.8,کم,33232
T000651,D018,P0484,12,چهارشنبه,ولنجک,شهرک غرب,5.41,19.8,5.0,متوسط,35688
T000652,D105,P0185,11,دوشنبه,سعادت‌آباد,میدان آزادی,9.78,16.1,4.0,متوسط,50476
T000653,D108,P0384,14,شنبه,بازار,الهیه,5.05,21.6,3.5,کم,30970
T000654,D097,P0385,16,یکشنبه,نیاوران,میدان انقلاب,6.26,15.9,4.2,متوسط,38764
T000655,D139,P0137,12,دوشنبه,میدان انقلاب,ولنجک,5.96,17.5,4.2,کم,34544
T000656,D046,P0551,10,چهارشنبه,بازار,فرمانیه,10.41,10.8,4.8,کم,36994
T000657,D033,P0746,10,جمعه,الهیه,شهر ری,7.93,14.5,4.8,متوسط,40991
T000658,D001,P0775,11,پنج‌شنبه,ونک,شهرک غرب,8.9,25.6,4.0,کم,46151
T000659,D119,P0690,21,دوشنبه,میدان آزادی,فرمانیه,5.79,21.5,4.5,زیاد,47819
T000660,D098,P0236,12,چهارشنبه,الهیه,فرمانیه,8.62,27.7,4.5,زیاد,62429
T000661,D089,P0159,13,شنبه,فرمانیه,تجریش,5.02,14.9,4.8,متوسط,33068
T000662,D029,P0033,9,چهارشنبه,میدان آزادی,قیطریه,11.16,7.7,4.5,کم,41997
T000663,D005,P0247,10,دوشنبه,جردن,ولنجک,6.83,17.6,4.2,متوسط,43742
T000664,D026,P0609,7,شنبه,ولنجک,فرمانیه,2.27,30.5,4.8,کم,34515
T000665,D013,P0251,12,جمعه,ولنجک,الهیه,11.42,16.9,4.0,زیاد,66777
T000666,D113,P0240,20,یکشنبه,جردن,میدان آزادی,12.26,29.9,4.8,زیاد,75877
T000667,D015,P0144,9,پنج‌شنبه,قیطریه,تجریش,7.6,20.6,4.2,کم,39208
T000668,D148,P0327,22,دوشنبه,میدان ولی‌عصر,تجریش,10.66,17.6,4.8,کم,45975
T000669,D078,P0147,20,یکشنبه,الهیه,جردن,11.44,13.8,4.2,متوسط,56119
T000670,D077,P0282,10,شنبه,ولنجک,قیطریه,6.88,18.1,4.0,متوسط,38711
T000671,D045,P0642,11,شنبه,میدان آزادی,فرمانیه,10.87,21.7,4.0,متوسط,53496
T000672,D127,P0049,13,دوشنبه,میدان انقلاب,میدان ولی‌عصر,13.4,18.1,4.5,متوسط,61091
T000673,D098,P0538,7,دوشنبه,میدان ولی‌عصر,بازار,7.83,22.7,4.5,زیاد,75792
T000674,D107,P0419,15,پنج‌شنبه,سعادت‌آباد,شهرک غرب,12.92,7.8,4.2,زیاد,66017
T000675,D097,P0189,13,شنبه,کن,تجریش,7.82,29.0,4.0,متوسط,49789
T000676,D058,P0308,9,پنج‌شنبه,سعادت‌آباد,میدان آزادی,7.35,14.8,5.0,متوسط,41900
T000677,D119,P0060,10,دوشنبه,میدان آزادی,جردن,6.7,26.4,4.0,کم,38138
T000678,D143,P0543,11,یکشنبه,سعادت‌آباد,الهیه,5.86,16.1,4.8,متوسط,36348
T000679,D063,P0262,23,سه‌شنبه,جردن,شهرک غرب,13.44,17.3,5.0,کم,51195
T000680,D021,P0461,10,یکشنبه,میدان انقلاب,ولنجک,6.47,16.2,4.5,متوسط,40177
T000681,D138,P0742,11,شنبه,جردن,ونک,9.19,22.1,4.2,متوسط,46340
T000682,D069,P0387,17,جمعه,ولنجک,شهر ری,6.51,28.8,4.8,زیاد,69634
T000683,D019,P0193,12,دوشنبه,جردن,فرمانیه,8.73,11.3,4.2,کم,37376
T000684,D054,P0341,8,شنبه,قیطریه,کن,6.12,24.0,4.2,متوسط,49519
T000685,D004,P0217,8,یکشنبه,جردن,بازار,10.39,5.1,4.8,کم,51446
T000686,D031,P0765,6,یکشنبه,کن,شهر ری,9.68,34.9,4.5,زیاد,69242
T000687,D063,P0713,10,سه‌شنبه,جردن,الهیه,1.0,26.8,4.0,زیاد,33782
T000688,D062,P0566,12,یکشنبه,میدان ولی‌عصر,میدان آزادی,11.54,35.0,4.5,زیاد,77615
T000689,D073,P0390,12,دوشنبه,شهر ری,فرمانیه,6.17,24.0,4.2,متوسط,43707
T000690,D092,P0316,11,پنج‌شنبه,فرمانیه,شهرک غرب,6.96,5.3,4.8,کم,32312
T000691,D132,P0510,10,سه‌شنبه,شهر ری,ولنجک,8.49,37.6,4.2,زیاد,68367
T000692,D121,P0780,9,سه‌شنبه,میدان ولی‌عصر,کن,8.63,21.9,4.5,متوسط,49722
T000693,D053,P0380,8,دوشنبه,میدان ولی‌عصر,جردن,10.99,17.7,4.2,زیاد,88487
T000694,D012,P0577,22,دوشنبه,الهیه,بازار,7.12,22.3,4.5,کم,33516
T000695,D038,P0017,14,شنبه,فرمانیه,قیطریه,7.6,15.8,4.2,متوسط,39869
T000696,D150,P0594,9,یکشنبه,میدان آزادی,سعادت‌آباد,7.7,19.5,4.2,متوسط,45038
T000697,D040,P0201,23,یکشنبه,میدان ولی‌عصر,تجریش,11.48,27.8,4.5,کم,48344
T000698,D098,P0584,12,چهارشنبه,الهیه,فرمانیه,8.56,24.1,3.5,زیاد,60274
T000699,D141,P0671,11,یکشنبه,میدان ولی‌عصر,سعادت‌آباد,11.62,7.8,4.5,کم,41907
T000700,D126,P0741,10,دوشنبه,کن,الهیه,5.62,12.2,4.2,متوسط,36716
T000701,D044,P0751,22,جمعه,میدان انقلاب,نیاوران,6.11,25.9,4.0,متوسط,42104
T000702,D036,P0738,14,پنج‌شنبه,کن,نیاوران,2.76,16.7,4.5,متوسط,30218
T000703,D139,P0658,8,چهارشنبه,ولنجک,قیطریه,7.94,19.1,4.2,متوسط,57502
T000704,D009,P0077,15,یکشنبه,ولنجک,میدان آزادی,11.11,33.6,4.5,زیاد,74173
T000705,D002,P0423,10,چهارشنبه,سعادت‌آباد,شهر ری,10.26,21.6,4.0,متوسط,50475
T000706,D060,P0070,11,دوشنبه,سعادت‌آباد,ونک,9.51,27.5,4.5,متوسط,53127
T000707,D056,P0518,12,شنبه,شهر ری,شهرک غرب,7.86,7.3,4.2,کم,30793
T000708,D016,P0633,10,دوشنبه,کن,میدان ولی‌عصر,8.14,23.2,4.0,متوسط,48265
T000709,D125,P0017,15,چهارشنبه,ونک,قیطریه,8.92,13.4,4.8,متوسط,45096
T000710,D142,P0422,12,شنبه,ونک,ولنجک,14.29,14.6,4.2,کم,52455
T000711,D136,P0740,12,شنبه,فرمانیه,قیطریه,10.98,25.2,4.0,کم,43451
T000712,D074,P0018,8,چهارشنبه,میدان آزادی,بازار,14.13,21.3,4.5,کم,70064
T000713,D046,P0110,9,شنبه,تجریش,قیطریه,6.18,16.8,4.2,متوسط,39186
T000714,D039,P0247,15,چهارشنبه,جردن,میدان ولی‌عصر,9.76,22.6,4.2,متوسط,51002
T000715,D135,P0259,11,جمعه,میدان انقلاب,سعادت‌آباد,5.3,12.3,4.8,کم,30550
T000716,D102,P0081,15,جمعه,میدان انقلاب,جردن,10.83,23.9,4.5,کم,47848
T000717,D118,P0579,13,جمعه,الهیه,بازار,7.62,26.8,3.5,متوسط,47723
T000718,D058,P0308,11,شنبه,نیاوران,میدان انقلاب,10.63,11.5,4.8,متوسط,46690
T000719,D009,P0096,10,سه‌شنبه,بازار,جردن,6.95,5.0,4.2,متوسط,38925
T000720,D097,P0566,10,یکشنبه,کن,ونک,10.84,22.8,3.5,متوسط,53855
T000721,D003,P0720,16,جمعه,شهرک غرب,ولنجک,2.66,5.0,4.0,متوسط,23339
T000722,D128,P0445,11,پنج‌شنبه,میدان ولی‌عصر,قیطریه,10.09,17.3,4.5,کم,43151
T000723,D025,P0541,8,جمعه,ولنجک,سعادت‌آباد,9.66,25.4,3.5,زیاد,82449
T000724,D055,P0709,12,شنبه,کن,سعادت‌آباد,5.72,23.8,4.0,کم,35688
T000725,D012,P0077,9,شنبه,فرمانیه,کن,11.45,22.4,3.5,کم,49235
T000726,D140,P0578,10,دوشنبه,ولنجک,تجریش,8.87,7.6,3.5,متوسط,44723
T000727,D081,P0017,13,سه‌شنبه,جردن,میدان ولی‌عصر,10.53,29.3,4.2,متوسط,57812
T000728,D037,P0771,21,چهارشنبه,بازار,کن,9.25,22.6,4.5,متوسط,52215
T000729,D020,P0307,13,پنج‌شنبه,شهرک غرب,میدان ولی‌عصر,6.62,26.1,4.5,متوسط,41836
T000730,D062,P0581,13,یکشنبه,بازار,میدان ولی‌عصر,8.86,19.7,4.8,کم,37669
T000731,D139,P0340,9,چهارشنبه,بازار,میدان آزادی,10.64,20.0,4.0,متوسط,52650
T000732,D036,P0706,13,سه‌شنبه,نیاوران,قیطریه,6.62,13.6,4.2,متوسط,40768
T000733,D089,P0055,23,یکشنبه,تجریش,الهیه,5.12,9.2,4.5,کم,27242
T000734,D060,P0078,17,شنبه,میدان ولی‌عصر,قیطریه,9.14,25.5,4.0,زیاد,83278
T000735,D102,P0793,11,جمعه,میدان ولی‌عصر,ونک,4.44,28.5,4.0,متوسط,37696
T000736,D070,P0462,15,شنبه,کن,تجریش,5.26,22.8,4.0,کم,30643
T000737,D092,P0567,9,جمعه,بازار,جردن,6.54,28.6,4.5,متوسط,46074
T000738,D048,P0697,13,یکشنبه,بازار,ولنجک,11.43,19.6,4.8,متوسط,54919
T000739,D076,P0253,15,جمعه,نیاوران,ولنجک,9.5,13.0,4.5,زیاد,60585
T000740,D069,P0158,8,پنج‌شنبه,بازار,میدان انقلاب,6.09,18.2,4.5,متوسط,52150
T000741,D040,P0758,11,یکشنبه,بازار,شهرک غرب,9.11,24.7,4.2,کم,42794
T000742,D093,P0110,13,چهارشنبه,نیاوران,ونک,7.31,27.0,3.5,متوسط,44584
T000743,D079,P0456,13,شنبه,میدان انقلاب,میدان آزادی,6.39,25.2,4.5,متوسط,41304
T000744,D070,P0105,6,جمعه,سعادت‌آباد,ولنجک,8.66,26.3,5.0,کم,40689
T000745,D048,P0442,10,چهارشنبه,شهر ری,فرمانیه,12.36,20.1,4.0,زیاد,72492
T000746,D143,P0525,10,پنج‌شنبه,میدان آزادی,ولنجک,7.1,14.0,4.2,زیاد,50604
T000747,D007,P0092,13,دوشنبه,میدان انقلاب,فرمانیه,6.3,26.7,4.0,کم,36062
T000748,D024,P0612,19,سه‌شنبه,میدان ولی‌عصر,شهر ری,5.05,18.5,4.5,متوسط,48845
T000749,D099,P0013,9,دوشنبه,قیطریه,جردن,6.16,21.6,4.2,متوسط,40630
T000750,D100,P0798,15,دوشنبه,نیاوران,بازار,8.47,23.4,4.8,متوسط,50202
T000751,D144,P0249,12,چهارشنبه,شهرک غرب,میدان انقلاب,4.72,18.0,4.0,کم,28682
T000752,D098,P0174,9,چهارشنبه,سعادت‌آباد,شهرک غرب,9.47,20.5,4.0,زیاد,59718
T000753,D078,P0275,16,پنج‌شنبه,کن,نیاوران,12.33,15.9,4.0,کم,47668
T000754,D017,P0172,11,سه‌شنبه,میدان آزادی,سعادت‌آباد,7.07,19.9,4.5,متوسط,42606
T000755,D108,P0307,14,یکشنبه,کن,بازار,9.07,30.1,4.2,کم,45343
T000756,D020,P0370,11,یکشنبه,فرمانیه,تجریش,9.28,23.1,4.2,متوسط,51797
T000757,D127,P0609,9,چهارشنبه,جردن,فرمانیه,1.95,5.0,4.5,زیاد,27216
T000758,D028,P0139,13,سه‌شنبه,قیطریه,ونک,12.17,8.9,4.5,کم,45023
T000759,D102,P0341,18,دوشنبه,بازار,میدان آزادی,8.14,25.0,4.5,متوسط,61674
T000760,D085,P0451,8,چهارشنبه,میدان ولی‌عصر,جردن,5.18,31.9,4.2,کم,44423
T000761,D035,P0308,11,جمعه,میدان ولی‌عصر,قیطریه,6.07,33.3,4.5,کم,38162
T000762,D052,P0491,8,جمعه,میدان ولی‌عصر,نیاوران,3.11,23.8,4.2,متوسط,40408
T000763,D102,P0327,14,چهارشنبه,قیطریه,بازار,10.58,22.0,4.0,متوسط,56283
T000764,D126,P0590,13,یکشنبه,الهیه,شهرک غرب,5.9,13.6,4.2,کم,29417
T000765,D097,P0288,7,پنج‌شنبه,بازار,شهرک غرب,7.75,21.9,4.2,کم,50778
T000766,D030,P0578,9,شنبه,جردن,میدان ولی‌عصر,9.58,24.1,3.5,متوسط,53720
T000767,D140,P0185,10,دوشنبه,ونک,بازار,10.0,24.6,4.2,زیاد,68686
T000768,D119,P0726,11,جمعه,جردن,فرمانیه,6.55,15.1,4.8,زیاد,50252
T000769,D075,P0710,10,جمعه,نیاوران,شهر ری,15.17,29.5,4.5,کم,59839
T000770,D105,P0690,13,پنج‌شنبه,کن,نیاوران,8.34,20.2,4.5,متوسط,46226
T000771,D078,P0248,8,چهارشنبه,فرمانیه,میدان انقلاب,12.78,20.2,4.5,کم,63419
T000772,D040,P0733,16,سه‌شنبه,میدان آزادی,بازار,9.42,13.7,4.5,کم,39703
T000773,D097,P0076,15,پنج‌شنبه,شهر ری,قیطریه,8.0,23.3,4.5,متوسط,47017
T000774,D123,P0597,12,شنبه,بازار,فرمانیه,4.74,28.8,4.8,کم,32119
T000775,D130,P0709,8,یکشنبه,میدان آزادی,فرمانیه,6.4,22.4,4.5,متوسط,53129
T000776,D010,P0369,13,یکشنبه,نیاوران,ولنجک,10.17,25.4,4.0,زیاد,68116
T000777,D064,P0674,12,شنبه,میدان انقلاب,نیاوران,4.45,18.0,4.5,متوسط,34247
T000778,D012,P0577,15,جمعه,بازار,میدان آزادی,5.08,25.2,4.5,متوسط,38715
T000779,D085,P0441,16,سه‌شنبه,تجریش,ونک,4.71,5.0,4.8,زیاد,35392
T000780,D026,P0265,12,سه‌شنبه,الهیه,قیطریه,5.06,25.8,4.5,متوسط,37922
T000781,D133,P0572,8,یکشنبه,الهیه,فرمانیه,7.66,22.1,4.0,متوسط,59657
T000782,D096,P0401,12,دوشنبه,شهر ری,بازار,2.15,24.1,4.2,کم,24510
T000783,D129,P0155,10,دوشنبه,میدان انقلاب,ونک,5.78,25.2,4.5,کم,36163
T000784,D124,P0108,10,سه‌شنبه,قیطریه,جردن,6.74,25.3,4.0,زیاد,53449
T000785,D022,P0119,9,پنج‌شنبه,سعادت‌آباد,جردن,11.96,13.0,4.2,زیاد,68469
T000786,D080,P0352,12,شنبه,شهر ری,بازار,7.45,19.5,4.8,متوسط,44126
T000787,D053,P0534,10,چهارشنبه,کن,شهرک غرب,10.61,10.5,4.0,کم,42550
T000788,D122,P0100,12,یکشنبه,شهر ری,میدان انقلاب,9.86,16.3,4.2,متوسط,48690
T000789,D116,P0327,12,شنبه,نیاوران,شهرک غرب,10.06,18.9,4.5,زیاد,60935
T000790,D012,P0728,8,پنج‌شنبه,تجریش,ونک,6.41,15.5,4.5,متوسط,51700
T000791,D088,P0664,13,جمعه,تجریش,میدان انقلاب,11.54,38.7,4.0,کم,53792
T000792,D043,P0759,9,پنج‌شنبه,الهیه,قیطریه,10.85,16.2,4.2,متوسط,51529
T000793,D045,P0566,10,سه‌شنبه,شهرک غرب,جردن,8.57,19.7,4.0,کم,39565
T000794,D144,P0437,8,پنج‌شنبه,شهر ری,تجریش,6.43,44.6,4.5,کم,55949
T000795,D104,P0645,9,یکشنبه,شهرک غرب,نیاوران,3.98,23.5,4.0,زیاد,42458
T000796,D111,P0406,9,شنبه,ونک,بازار,10.9,28.0,4.8,زیاد,73526
T000797,D051,P0461,13,شنبه,میدان آزادی,جردن,9.9,16.2,4.2,کم,40447
T000798,D002,P0722,19,چهارشنبه,جردن,تجریش,12.83,13.4,4.2,کم,60699
T000799,D072,P0771,12,شنبه,نیاوران,میدان ولی‌عصر,2.93,11.0,4.8,زیاد,33384
T000800,D027,P0550,11,شنبه,شهرک غرب,جردن,4.95,25.2,4.0,متوسط,39688
T000801,D084,P0202,8,چهارشنبه,شهر ری,ولنجک,6.45,30.6,4.5,زیاد,70814
T000802,D068,P0687,11,پنج‌شنبه,کن,فرمانیه,8.63,30.8,4.8,زیاد,66181
T000803,D081,P0612,19,شنبه,بازار,قیطریه,12.99,22.4,4.8,متوسط,80559
T000804,D101,P0602,13,شنبه,تجریش,جردن,6.5,9.7,4.2,کم,30928
T000805,D091,P0469,11,سه‌شنبه,شهرک غرب,شهر ری,12.6,29.0,4.8,کم,52207
T000806,D077,P0630,22,شنبه,نیاوران,میدان انقلاب,11.69,27.9,4.2,زیاد,72274
T000807,D035,P0321,8,سه‌شنبه,تجریش,سعادت‌آباد,13.24,28.3,4.2,متوسط,83048
T000808,D079,P0120,15,سه‌شنبه,شهرک غرب,جردن,9.3,26.3,4.2,متوسط,53239
T000809,D037,P0524,16,دوشنبه,بازار,جردن,7.85,24.0,4.0,متوسط,46400
T000810,D036,P0589,16,پنج‌شنبه,بازار,جردن,8.93,14.8,4.5,متوسط,46139
T000811,D048,P0499,14,دوشنبه,شهرک غرب,قیطریه,12.59,19.4,4.2,متوسط,56917
T000812,D043,P0502,12,پنج‌شنبه,قیطریه,نیاوران,3.88,23.1,4.5,کم,25300
T000813,D048,P0323,10,جمعه,شهر ری,قیطریه,9.69,33.1,4.5,کم,46451
T000814,D014,P0368,12,دوشنبه,ونک,فرمانیه,15.18,19.1,4.5,کم,56515
T000815,D035,P0200,7,چهارشنبه,بازار,فرمانیه,10.13,44.9,4.2,متوسط,78622
T000816,D130,P0669,11,یکشنبه,کن,جردن,6.64,25.9,4.5,زیاد,52625
T000817,D126,P0426,11,شنبه,شهر ری,الهیه,12.79,25.9,3.5,متوسط,62212
T000818,D043,P0085,19,جمعه,ونک,میدان آزادی,6.46,5.0,4.8,متوسط,49335
T000819,D057,P0300,8,دوشنبه,ولنجک,شهرک غرب,7.44,7.2,4.5,متوسط,49568
T000820,D058,P0551,12,پنج‌شنبه,قیطریه,نیاوران,6.68,10.1,4.8,زیاد,49478
T000821,D118,P0580,9,شنبه,کن,فرمانیه,10.19,24.3,5.0,زیاد,68235
T000822,D131,P0116,7,یکشنبه,تجریش,شهرک غرب,15.18,37.5,4.5,متوسط,94444
T000823,D140,P0376,10,سه‌شنبه,ولنجک,میدان آزادی,7.49,13.5,4.8,متوسط,38613
T000824,D113,P0560,11,پنج‌شنبه,جردن,الهیه,7.93,25.8,4.2,زیاد,59903
T000825,D027,P0754,8,پنج‌شنبه,الهیه,سعادت‌آباد,4.35,11.0,4.5,زیاد,50850
T000826,D009,P0461,16,دوشنبه,فرمانیه,شهرک غرب,6.73,17.3,4.2,زیاد,49012
T000827,D023,P0450,14,سه‌شنبه,تجریش,میدان آزادی,7.94,22.3,4.0,کم,36771
T000828,D061,P0215,20,چهارشنبه,میدان انقلاب,شهر ری,7.34,24.9,4.5,زیاد,54389
T000829,D110,P0170,17,سه‌شنبه,سعادت‌آباد,میدان آزادی,9.0,31.8,4.5,کم,57399
T000830,D053,P0212,10,شنبه,ولنجک,میدان ولی‌عصر,4.79,27.7,5.0,متوسط,42217
T000831,D090,P0546,8,سه‌شنبه,فرمانیه,میدان ولی‌عصر,2.54,14.4,4.8,کم,27357
T000832,D138,P0173,7,دوشنبه,میدان ولی‌عصر,بازار,13.11,27.1,4.8,کم,67106
T000833,D075,P0297,15,شنبه,فرمانیه,شهر ری,5.7,20.5,4.8,متوسط,40437
T000834,D132,P0696,13,جمعه,تجریش,نیاوران,9.51,23.2,4.5,کم,43025
T000835,D106,P0061,12,شنبه,فرمانیه,شهر ری,6.56,40.3,4.5,کم,40429
T000836,D033,P0719,21,دوشنبه,سعادت‌آباد,تجریش,3.79,33.4,4.5,کم,30600
T000837,D038,P0729,11,یکشنبه,میدان ولی‌عصر,شهر ری,7.23,19.4,4.2,متوسط,42670
T000838,D064,P0780,8,پنج‌شنبه,بازار,الهیه,7.96,21.2,4.8,متوسط,59819
T000839,D037,P0592,8,پنج‌شنبه,فرمانیه,میدان انقلاب,9.18,23.6,4.5,کم,55362
T000840,D107,P0385,22,شنبه,شهر ری,ولنجک,10.19,14.5,4.8,کم,40816
T000841,D024,P0413,8,جمعه,فرمانیه,بازار,11.1,16.7,4.5,زیاد,87127
T000842,D095,P0466,13,پنج‌شنبه,کن,شهرک غرب,7.37,38.2,4.0,زیاد,61536
T000843,D149,P0003,22,یکشنبه,نیاوران,بازار,5.39,19.9,4.5,متوسط,37468
T000844,D118,P0651,10,سه‌شنبه,میدان انقلاب,شهر ری,4.61,19.3,4.8,متوسط,35187
T000845,D017,P0548,11,شنبه,بازار,تجریش,5.7,11.0,4.0,متوسط,34834
T000846,D110,P0217,13,سه‌شنبه,کن,سعادت‌آباد,5.01,9.6,4.5,کم,24632
T000847,D083,P0291,8,پنج‌شنبه,میدان ولی‌عصر,فرمانیه,8.66,16.4,4.8,کم,51700
T000848,D148,P0134,17,جمعه,کن,بازار,2.13,17.0,4.5,متوسط,35345
T000849,D088,P0699,11,شنبه,ولنجک,ونک,9.67,15.3,4.5,متوسط,50445
T000850,D026,P0642,14,یکشنبه,شهر ری,ونک,6.99,17.4,4.8,متوسط,40850
T000851,D032,P0162,12,سه‌شنبه,شهر ری,الهیه,11.48,16.0,4.5,کم,45645
T000852,D001,P0439,20,یکشنبه,جردن,بازار,4.76,22.9,4.2,کم,31532
T000853,D034,P0666,8,چهارشنبه,قیطریه,نیاوران,6.46,10.4,4.5,متوسط,48441
T000854,D071,P0096,11,سه‌شنبه,میدان انقلاب,سعادت‌آباد,5.21,16.6,4.8,متوسط,36629
T000855,D022,P0381,12,چهارشنبه,شهرک غرب,ونک,4.83,17.9,4.5,متوسط,33259
T000856,D102,P0641,18,سه‌شنبه,قیطریه,بازار,11.61,19.2,4.8,متوسط,71704
T000857,D060,P0440,12,جمعه,نیاوران,بازار,6.2,7.5,4.8,زیاد,45869
T000858,D025,P0002,8,پنج‌شنبه,جردن,فرمانیه,9.27,12.3,4.2,متوسط,59815
T000859,D020,P0136,10,دوشنبه,الهیه,قیطریه,6.76,14.1,4.5,متوسط,41639
T000860,D114,P0010,17,چهارشنبه,ونک,بازار,5.66,29.5,4.0,کم,44292
T000861,D088,P0124,11,پنج‌شنبه,میدان آزادی,میدان انقلاب,3.99,25.8,4.5,متوسط,33863
T000862,D034,P0490,16,یکشنبه,نیاوران,سعادت‌آباد,10.1,8.2,4.5,کم,37818
T000863,D099,P0092,15,یکشنبه,تجریش,ولنجک,11.08,24.8,4.5,متوسط,54743
T000864,D081,P0377,15,یکشنبه,قیطریه,نیاوران,12.09,32.6,4.2,متوسط,63087
T000865,D098,P0793,11,پنج‌شنبه,سعادت‌آباد,میدان انقلاب,8.24,26.1,4.5,زیاد,60313
T000866,D037,P0071,13,پنج‌شنبه,ونک,میدان ولی‌عصر,7.06,17.9,4.0,متوسط,43668
T000867,D043,P0451,10,یکشنبه,میدان انقلاب,بازار,7.18,29.9,4.5,کم,37932
T000868,D055,P0644,21,پنج‌شنبه,سعادت‌آباد,کن,7.22,7.9,4.8,متوسط,38577
T000869,D106,P0631,9,سه‌شنبه,شهر ری,میدان آزادی,11.25,21.7,4.5,زیاد,69177
T000870,D056,P0089,23,دوشنبه,تجریش,نیاوران,8.65,23.8,4.2,کم,38154
T000871,D032,P0604,6,دوشنبه,بازار,شهرک غرب,8.77,29.5,5.0,کم,41627
T000872,D110,P0323,9,یکشنبه,سعادت‌آباد,تجریش,6.51,17.2,4.0,زیاد,51304
T000873,D071,P0661,13,یکشنبه,نیاوران,سعادت‌آباد,2.89,15.5,4.5,متوسط,28254
T000874,D142,P0616,12,یکشنبه,قیطریه,میدان آزادی,1.4,24.9,4.8,زیاد,35008
T000875,D007,P0675,16,سه‌شنبه,قیطریه,تجریش,6.38,27.2,4.2,متوسط,40610
T000876,D133,P0622,21,یکشنبه,جردن,بازار,7.18,20.5,4.0,کم,34695
T000877,D101,P0303,10,دوشنبه,ولنجک,میدان آزادی,12.09,17.6,4.5,متوسط,55131
T000878,D062,P0507,14,شنبه,بازار,ولنجک,4.62,11.2,4.2,زیاد,40288
T000879,D062,P0512,16,چهارشنبه,نیاوران,قیطریه,15.72,5.0,5.0,زیاد,80098
T000880,D004,P0370,9,یکشنبه,میدان ولی‌عصر,نیاوران,6.33,12.7,4.8,کم,34167
T000881,D100,P0583,12,جمعه,میدان آزادی,شهرک غرب,12.05,7.9,4.0,زیاد,64757
T000882,D140,P0700,12,شنبه,شهرک غرب,میدان آزادی,1.47,20.8,3.5,متوسط,26518
T000883,D121,P0789,13,یکشنبه,نیاوران,ونک,8.72,25.9,4.0,زیاد,59495
T000884,D018,P0015,11,یکشنبه,فرمانیه,تجریش,8.93,24.3,4.5,کم,41755
T000885,D011,P0062,13,دوشنبه,بازار,فرمانیه,7.38,28.9,4.0,کم,37998
T000886,D074,P0644,14,یکشنبه,میدان آزادی,جردن,10.63,16.9,4.8,زیاد,62516
T000887,D103,P0085,9,دوشنبه,سعادت‌آباد,شهرک غرب,8.1,10.5,4.5,زیاد,52829
T000888,D022,P0318,12,جمعه,نیاوران,قیطریه,9.97,13.8,4.2,کم,38407
T000889,D053,P0160,7,چهارشنبه,میدان ولی‌عصر,جردن,10.06,15.1,4.8,متوسط,65546
T000890,D017,P0318,9,یکشنبه,میدان آزادی,میدان انقلاب,7.82,13.2,4.2,زیاد,52450
T000891,D062,P0060,12,دوشنبه,الهیه,ولنجک,8.96,8.7,4.5,کم,39579
T000892,D112,P0119,13,چهارشنبه,شهر ری,قیطریه,4.68,15.0,4.2,کم,27764
T000893,D015,P0317,20,سه‌شنبه,شهرک غرب,ولنجک,11.27,14.0,4.5,متوسط,53697
T000894,D004,P0725,13,شنبه,سعادت‌آباد,بازار,8.75,32.1,4.0,کم,44080
T000895,D003,P0168,17,شنبه,کن,شهرک غرب,7.49,33.1,4.2,کم,52127
T000896,D134,P0530,12,چهارشنبه,فرمانیه,نیاوران,11.3,20.7,4.5,متوسط,55784
T000897,D096,P0130,21,چهارشنبه,فرمانیه,بازار,5.87,16.9,4.8,متوسط,37521
T000898,D031,P0790,9,سه‌شنبه,ونک,جردن,14.25,19.0,4.5,متوسط,62996
T000899,D110,P0279,14,پنج‌شنبه,نیاوران,شهرک غرب,8.5,8.9,4.8,زیاد,53160
T000900,D148,P0643,11,سه‌شنبه,نیاوران,فرمانیه,10.53,18.2,4.8,متوسط,52309
T000901,D117,P0524,13,جمعه,میدان انقلاب,ونک,11.59,7.8,3.5,کم,44077
T000902,D128,P0581,11,دوشنبه,شهرک غرب,جردن,9.88,14.0,4.2,زیاد,60370
T000903,D041,P0262,10,یکشنبه,تجریش,کن,11.36,20.1,4.2,کم,48359
T000904,D147,P0691,12,پنج‌شنبه,تجریش,سعادت‌آباد,5.75,18.7,3.5,زیاد,51745
T000905,D131,P0003,11,شنبه,ولنجک,شهر ری,4.3,27.6,4.5,متوسط,39087
T000906,D004,P0251,10,دوشنبه,ولنجک,فرمانیه,7.41,36.3,4.8,متوسط,50388
T000907,D094,P0393,13,شنبه,سعادت‌آباد,نیاوران,7.48,25.1,4.5,کم,38142
T000908,D010,P0567,17,سه‌شنبه,میدان آزادی,تجریش,3.65,19.8,4.5,کم,36324
T000909,D083,P0255,15,یکشنبه,میدان آزادی,کن,8.09,25.5,4.5,متوسط,48280
T000910,D082,P0278,7,سه‌شنبه,نیاوران,میدان ولی‌عصر,5.01,17.2,4.2,متوسط,45750
T000911,D096,P0123,13,شنبه,ولنجک,تجریش,3.96,20.1,4.5,متوسط,35976
T000912,D058,P0529,10,چهارشنبه,ولنجک,الهیه,9.17,14.8,4.5,کم,35278
T000913,D018,P0477,13,سه‌شنبه,قیطریه,میدان آزادی,6.34,18.0,4.0,زیاد,48731
T000914,D080,P0336,11,سه‌شنبه,نیاوران,قیطریه,9.15,23.3,3.5,کم,41437
T000915,D117,P0009,21,سه‌شنبه,میدان انقلاب,تجریش,7.44,19.2,3.5,کم,36019
T000916,D075,P0578,13,جمعه,قیطریه,بازار,10.91,9.8,4.5,زیاد,62772
T000917,D063,P0476,15,شنبه,میدان انقلاب,قیطریه,9.98,34.1,4.8,کم,48744
T000918,D127,P0792,11,سه‌شنبه,جردن,بازار,8.28,18.7,4.2,زیاد,56952
T000919,D140,P0779,10,دوشنبه,الهیه,نیاوران,5.18,23.8,4.5,متوسط,39004
T000920,D002,P0420,13,شنبه,ونک,سعادت‌آباد,10.86,14.1,4.8,متوسط,53336
T000921,D139,P0355,14,یکشنبه,ونک,جردن,14.25,11.9,4.8,کم,52395
T000922,D001,P0778,12,دوشنبه,بازار,شهر ری,6.32,26.1,4.5,متوسط,40139
T000923,D079,P0107,13,چهارشنبه,جردن,قیطریه,7.47,20.7,4.8,متوسط,42940
T000924,D061,P0430,11,پنج‌شنبه,کن,ونک,5.58,31.0,4.0,متوسط,41310
T000925,D037,P0729,23,پنج‌شنبه,فرمانیه,ولنجک,8.02,8.2,4.2,متوسط,42448
T000926,D012,P0238,10,جمعه,میدان آزادی,میدان انقلاب,10.15,6.2,4.5,متوسط,49066
T000927,D096,P0470,12,سه‌شنبه,نیاوران,میدان ولی‌عصر,4.04,20.2,4.8,متوسط,34326
T000928,D025,P0518,20,جمعه,سعادت‌آباد,میدان انقلاب,6.5,12.4,4.5,کم,31464
T000929,D101,P0077,20,یکشنبه,ولنجک,الهیه,6.31,8.0,4.2,متوسط,34317
T000930,D034,P0243,10,سه‌شنبه,قیطریه,سعادت‌آباد,7.5,22.7,4.5,متوسط,43470
T000931,D081,P0403,20,جمعه,میدان ولی‌عصر,شهرک غرب,6.8,14.0,4.8,زیاد,49661
T000932,D116,P0279,6,دوشنبه,الهیه,ولنجک,9.84,20.5,4.2,متوسط,50377
T000933,D052,P0140,12,پنج‌شنبه,تجریش,نیاوران,5.68,35.2,4.8,زیاد,55264
T000934,D028,P0169,10,شنبه,شهر ری,الهیه,4.89,26.9,4.0,زیاد,49024
T000935,D081,P0417,16,جمعه,تجریش,قیطریه,9.35,17.9,4.2,متوسط,48249
T000936,D092,P0789,10,یکشنبه,جردن,فرمانیه,13.17,16.4,4.5,متوسط,57987
T000937,D079,P0475,10,جمعه,فرمانیه,شهر ری,7.57,20.3,4.2,زیاد,54663
T000938,D031,P0093,14,سه‌شنبه,شهرک غرب,میدان آزادی,7.16,15.0,4.0,متوسط,41409
T000939,D078,P0722,9,سه‌شنبه,ولنجک,سعادت‌آباد,2.69,22.9,4.8,زیاد,37842
T000940,D084,P0152,8,سه‌شنبه,نیاوران,بازار,8.61,19.6,4.2,متوسط,59627
T000941,D064,P0365,9,دوشنبه,بازار,فرمانیه,9.71,17.3,3.5,زیاد,61446
T000942,D013,P0694,15,شنبه,قیطریه,سعادت‌آباد,10.56,20.2,4.2,متوسط,54138
T000943,D045,P0032,8,جمعه,بازار,شهر ری,8.32,17.4,4.2,زیاد,74483
T000944,D116,P0570,11,چهارشنبه,الهیه,ولنجک,3.13,25.6,4.0,متوسط,31744
T000945,D119,P0105,10,پنج‌شنبه,سعادت‌آباد,ولنجک,8.09,25.6,4.2,کم,40580
T000946,D004,P0064,20,دوشنبه,الهیه,نیاوران,14.29,19.1,4.5,کم,56393
T000947,D051,P0411,11,سه‌شنبه,میدان انقلاب,میدان ولی‌عصر,8.89,21.1,4.2,کم,45213
T000948,D022,P0597,9,چهارشنبه,فرمانیه,کن,7.23,22.4,4.5,متوسط,43769
T000949,D020,P0023,12,پنج‌شنبه,نیاوران,سعادت‌آباد,1.09,17.1,4.5,متوسط,25477
T000950,D114,P0132,8,سه‌شنبه,نیاوران,کن,12.33,5.0,4.5,کم,58635
T000951,D085,P0126,11,یکشنبه,ولنجک,فرمانیه,8.1,22.1,4.5,متوسط,45781
T000952,D013,P0173,13,شنبه,میدان آزادی,شهر ری,2.98,21.3,4.2,کم,27870
T000953,D102,P0509,9,جمعه,ونک,الهیه,4.69,26.6,4.0,متوسط,35177
T000954,D110,P0177,11,یکشنبه,میدان انقلاب,تجریش,12.33,22.9,4.2,متوسط,57836
T000955,D048,P0282,10,پنج‌شنبه,فرمانیه,الهیه,16.78,12.0,4.2,کم,57932
T000956,D039,P0036,9,چهارشنبه,الهیه,میدان انقلاب,6.59,8.9,4.5,متوسط,34691
T000957,D076,P0511,8,یکشنبه,میدان آزادی,کن,11.73,29.8,4.2,متوسط,77575
T000958,D141,P0491,7,جمعه,ولنجک,نیاوران,6.2,14.7,4.2,کم,40454
T000959,D072,P0393,13,شنبه,سعادت‌آباد,الهیه,9.08,12.7,4.2,متوسط,43793
T000960,D052,P0659,13,شنبه,الهیه,میدان انقلاب,9.14,5.0,4.2,متوسط,45715
T000961,D140,P0020,16,جمعه,بازار,میدان آزادی,3.56,33.4,4.2,کم,27523
T000962,D092,P0492,18,دوشنبه,کن,شهرک غرب,6.95,8.8,4.8,متوسط,47657
T000963,D145,P0515,12,دوشنبه,میدان ولی‌عصر,جردن,8.11,28.7,4.2,متوسط,48854
T000964,D070,P0185,11,شنبه,ونک,جردن,11.18,18.6,4.2,متوسط,50284
T000965,D057,P0031,11,جمعه,فرمانیه,ونک,11.77,23.2,4.0,متوسط,59284
T000966,D121,P0543,16,شنبه,میدان انقلاب,میدان آزادی,2.38,25.2,4.5,زیاد,36600
T000967,D150,P0239,9,شنبه,شهرک غرب,ولنجک,9.93,20.7,4.2,متوسط,52641
T000968,D064,P0673,15,جمعه,الهیه,سعادت‌آباد,8.5,29.4,4.2,کم,42689
T000969,D137,P0755,14,شنبه,ولنجک,میدان آزادی,8.31,5.0,4.5,متوسط,42966
T000970,D057,P0590,12,سه‌شنبه,بازار,شهرک غرب,3.26,9.4,4.0,کم,24132
T000971,D045,P0181,10,سه‌شنبه,الهیه,میدان ولی‌عصر,9.48,26.7,4.8,متوسط,49936
T000972,D082,P0756,9,شنبه,میدان انقلاب,کن,3.52,21.1,4.0,کم,27155
T000973,D008,P0721,14,یکشنبه,میدان انقلاب,قیطریه,9.59,26.9,4.8,متوسط,52181
T000974,D145,P0146,13,دوشنبه,جردن,شهر ری,14.16,20.3,4.5,زیاد,78167
T000975,D127,P0556,14,چهارشنبه,قیطریه,نیاوران,9.01,15.3,4.5,زیاد,59698
T000976,D126,P0039,9,چهارشنبه,نیاوران,ونک,1.54,33.2,4.8,متوسط,31912
T000977,D060,P0617,13,دوشنبه,الهیه,ونک,13.97,23.1,4.2,متوسط,63458
T000978,D135,P0490,9,پنج‌شنبه,ونک,جردن,8.12,24.3,4.0,زیاد,59855
T000979,D052,P0134,9,شنبه,میدان ولی‌عصر,بازار,5.01,24.2,4.5,زیاد,49365
T000980,D046,P0332,9,چهارشنبه,ولنجک,ونک,4.35,11.1,4.2,کم,25249
T000981,D038,P0601,18,دوشنبه,سعادت‌آباد,میدان آزادی,7.04,7.3,4.2,متوسط,49497
T000982,D029,P0539,16,سه‌شنبه,میدان انقلاب,ولنجک,9.34,23.8,4.5,متوسط,49706
T000983,D096,P0722,17,دوشنبه,بازار,قیطریه,8.75,23.2,4.5,متوسط,63216
T000984,D026,P0345,10,چهارشنبه,قیطریه,شهرک غرب,8.35,5.0,4.2,کم,33493
T000985,D035,P0162,9,چهارشنبه,میدان آزادی,بازار,3.72,20.6,4.2,متوسط,34188
T000986,D125,P0665,13,چهارشنبه,میدان ولی‌عصر,نیاوران,10.45,37.6,3.5,متوسط,58763
T000987,D144,P0711,14,سه‌شنبه,میدان انقلاب,تجریش,3.96,13.1,4.5,متوسط,30470
T000988,D045,P0388,14,سه‌شنبه,قیطریه,بازار,10.56,20.6,4.5,متوسط,55042
T000989,D076,P0131,14,جمعه,شهرک غرب,بازار,8.15,25.8,4.5,متوسط,48394
T000990,D001,P0719,14,یکشنبه,بازار,شهر ری,7.18,26.9,4.0,زیاد,56305
T000991,D146,P0034,10,سه‌شنبه,شهرک غرب,میدان ولی‌عصر,8.55,23.6,4.2,متوسط,46651
T000992,D082,P0627,23,چهارشنبه,الهیه,میدان انقلاب,5.31,9.3,3.5,کم,30081
T000993,D145,P0107,12,چهارشنبه,کن,نیاوران,11.66,21.1,3.5,متوسط,56511
T000994,D085,P0764,8,جمعه,نیاوران,سعادت‌آباد,3.36,22.1,4.5,زیاد,52639
T000995,D089,P0328,6,چهارشنبه,شهرک غرب,میدان انقلاب,7.51,13.0,4.8,متوسط,39911
T000996,D023,P0726,6,پنج‌شنبه,میدان ولی‌عصر,الهیه,8.26,21.9,4.8,کم,38138
T000997,D003,P0272,13,شنبه,جردن,تجریش,4.6,22.8,4.5,متوسط,39913
T000998,D018,P0359,9,چهارشنبه,فرمانیه,میدان آزادی,5.42,28.3,4.0,متوسط,38953
T000999,D028,P0738,9,دوشنبه,ونک,ولنجک,10.47,13.3,4.2,زیاد,63066
T001000,D099,P0449,12,شنبه,میدان آزادی,نیاوران,8.44,32.2,4.5,متوسط,50170
